n,id,n0,n1,n2,mstr
2,1,2,1,2,0,0,1,0
2,2,2,1,2,0,0,0,1
3,1,2,1,3,0,0,1,0
3,2,2,1,3,0,0,0,1
4,1,2,1,4,0,0,1,0
4,2,2,1,4,0,0,1,2
4,3,2,1,4,0,0,0,1
4,4,2,1,4,2,0,0,0;0,0,0,2
4,5,3,1,2,0,0,0,0,0,1,1,0,0
4,6,3,1,2,0,0,0,0,0,1,1,0,1
4,7,2,1,2,1,0,0,0;1,1,0,0
4,8,2,1,2,1,0,0,0;1,0,1,0
4,9,2,1,2,1,1,0,1
4,10,2,1,2,1,0,0,1;1,0,0,0
4,11,2,1,2,1,1,1,0
9,4,2,1,9,3,0,0,0;0,0,0,3
9,5,3,1,3,0,0,0,0,0,1,1,0,0
9,6,3,1,3,0,0,0,0,0,1,1,0,1
9,7,2,1,3,1,0,0,0;1,1,0,0
9,8,2,1,3,1,0,0,0;1,0,1,0
9,9,2,1,3,1,1,0,1
9,10,2,1,3,1,0,0,1;1,0,0,0
9,11,2,1,3,1,1,1,0
12,1,2,1,12,0,0,1,0
12,2,2,1,12,0,0,1,2
12,3,2,1,12,0,0,1,3
12,4,2,1,12,0,0,1,4
12,5,2,1,12,0,0,0,1
12,6,2,1,12,0,0,1,6
12,7,3,1,6,0,0,0,0,0,0,0,1,0;0,0,0,0,0,0,3,0,0
12,8,3,1,6,0,0,0,0,0,1,3,0,0
12,9,3,1,6,0,0,0,0,0,1,3,0,3
12,10,2,1,6,0,0,0,3;0,0,1,0
12,11,2,1,6,0,0,0,3;0,1,0,0
12,12,2,1,6,0,1,3,0
12,13,3,1,6,0,0,0,0,0,1,3,0,1
12,14,2,1,6,0,0,0,1;3,0,0,0
12,15,2,1,6,0,0,0,1;0,3,0,0
12,16,3,1,6,0,0,0,0,0,0,0,1,2;0,0,0,0,0,0,3,0,0
12,17,3,1,6,0,0,0,0,0,1,3,0,2
12,18,2,1,6,0,0,0,1;0,0,3,0
12,19,2,1,6,0,1,3,2
12,20,2,1,6,0,0,0,3;1,2,4,2
12,21,2,1,6,0,1,3,3
12,22,2,1,6,0,1,3,1
18,1,2,1,18,0,0,1,0
18,2,2,1,18,0,0,1,2
18,3,2,1,18,0,0,1,6
18,4,3,1,6,0,0,0,0,0,0,0,1,0;0,0,0,0,0,0,2,0,0
18,5,3,1,6,0,0,0,0,0,1,2,0,0
18,6,3,1,6,0,0,0,0,0,1,2,0,2
18,7,2,1,6,0,0,0,2;0,0,1,0
18,8,2,1,6,0,0,0,2;0,1,0,0
18,9,2,1,6,0,1,2,2
18,10,2,1,6,0,1,4,0
18,11,2,1,6,0,1,2,0
18,12,2,1,18,0,0,1,9
18,13,2,1,18,0,0,0,1
18,14,2,1,18,0,0,1,3
18,15,3,1,6,0,0,0,0,0,0,0,1,3;0,0,0,0,0,0,2,0,0
18,16,3,1,6,0,0,0,0,0,1,2,0,3
18,17,3,1,6,0,0,0,0,0,1,2,0,1
18,18,2,1,6,0,0,0,1;0,0,2,0
18,19,2,1,6,0,0,0,1;0,2,0,0
18,20,2,1,6,0,1,2,1
18,21,2,1,6,0,1,4,3
18,22,2,1,6,0,1,2,3
24,1,2,1,24,0,0,1,0
24,2,2,1,24,0,0,1,6
24,3,2,1,24,0,0,1,3
24,4,2,1,24,0,0,1,12
24,5,2,1,24,0,0,0,12;0,0,2,0
24,8,2,1,12,0,0,0,6;0,0,1,0
24,10,2,1,12,0,0,0,6;0,1,0,0
24,13,2,1,12,0,1,6,3
24,15,2,1,12,0,0,0,3;0,2,0,0
24,16,2,1,24,0,0,0,6;0,0,4,0
24,20,2,1,12,0,0,0,3;0,0,2,0
24,24,2,1,12,0,1,6,0
24,-25,4,1,12,0,0,0,0,0,6,0,0,0,0,0,0,0,0,0,0;0,0,0,0,6,0,0,0,0,0,0,0,0,0,0,0;0,6,0,0,0,0,0,0,0,0,0,0,0,0,4,0
24,25,4,1,6,0,0,0,0,0,0,0,0,0,3,0,0,0,0,0,0;0,2,0,0,0,0,0,0,3,0,0,0,0,0,0,0;0,0,0,0,0,0,0,0,0,0,0,0,0,3,0,0
24,27,5,1,6,0,0,0,0,0,0,0,3,0,0,0,0,0,0,0,0,0,0,0,0,0,0,0,0,0;3,0,0,0,0,0,0,3,0,0,0,0,0,0,0,0,0,0,0,0,0,0,0,1,0
24,28,3,1,6,0,0,0,0,0,0,3,0,0;0,0,0,0,0,1,0,0,0
24,29,3,1,6,0,0,0,0,0,0,0,0,3;0,0,0,1,0,0,1,0,0
24,30,4,1,6,0,0,0,0,0,0,0,0,0,0,3,0,0,0,0,0;0,0,0,0,0,0,0,0,0,3,0,0,0,0,0,0;0,2,0,0,0,0,0,0,3,0,0,0,0,0,0,0
24,34,3,1,6,0,0,0,0,0,0,0,0,3;0,0,0,1,0,1,0,0,0
24,35,4,1,6,3,3,0,0,3,3,3,3,0,0,3,0,0,0,3,3;3,3,2,0,3,3,3,3,0,0,3,0,0,0,1,3
24,36,5,1,6,0,0,0,1,0,0,0,3,0,0,0,0,0,0,0,0,0,0,0,0,0,0,0,0,0;3,0,0,1,0,0,0,3,0,0,0,0,3,0,0,0,0,0,0,0,0,0,0,0,0
24,37,4,1,6,0,0,0,0,0,0,0,0,0,3,0,0,0,0,0,0;3,2,0,0,0,0,0,0,3,0,3,0,0,0,0,0
24,38,4,1,6,0,0,0,3,0,3,3,0,0,0,0,0,0,0,3,0;0,0,2,0,0,3,3,0,0,0,0,0,0,0,0,0
24,40,5,1,6,0,0,0,0,0,0,0,0,0,0,0,0,3,0,0,0,0,0,0,0,0,0,0,0,0;3,0,0,0,0,0,0,0,0,0,0,0,0,0,0,0,0,0,0,0,0,0,0,1,0
24,41,3,1,6,0,0,0,0,0,0,0,0,3;0,0,0,0,1,2,3,4,2
24,43,5,1,6,0,0,0,0,0,0,0,0,0,0,0,0,3,0,0,0,0,0,0,0,0,0,0,0,0;0,0,0,0,0,0,0,3,0,0,0,0,0,0,0,0,0,0,0,0,0,0,0,0,0;0,0,3,0,0,0,0,0,0,0,0,0,0,0,0,0,0,0,0,0,0,0,0,2,0
24,44,3,1,6,0,0,1,0,0,0,3,0,0;0,0,0,3,0,3,0,0,0
24,46,4,1,6,3,3,3,3,0,3,3,0,0,0,3,0,0,0,3,0;3,0,1,3,0,3,0,0,0,0,3,0,0,0,3,0
24,47,5,1,6,0,0,0,0,0,0,0,0,0,0,0,0,3,0,0,0,0,0,0,0,0,0,0,0,0;3,0,0,0,0,0,0,3,0,0,0,0,0,0,0,0,0,0,0,0,0,0,0,4,0
24,49,2,1,6,0,0,0,3;1,1,2,2
24,51,4,1,6,0,3,3,3,3,3,0,0,3,0,3,0,3,0,3,0;3,3,4,2,3,4,1,1,3,1,4,1,3,1,4,1
24,53,2,1,24,0,0,1,8
24,54,2,1,24,0,0,1,2
24,55,2,1,24,0,0,0,1
24,56,2,1,24,0,0,1,4
24,57,2,1,24,0,0,0,4;0,0,6,0
24,60,2,1,12,0,0,0,2;0,0,3,0
24,62,2,1,12,0,0,0,2;0,3,0,0
24,65,2,1,12,0,1,6,1
24,67,2,1,12,0,0,0,1;0,6,0,0
24,68,2,1,24,0,0,0,2;0,0,12,0
24,72,2,1,12,0,0,0,1;0,0,6,0
24,73,3,1,12,4,4,2,6,6,4,6,6,4;3,3,3,6,6,3,6,6,3
24,75,3,1,12,0,0,0,2,8,0,6,0,8;0,0,0,0,0,6,3,0,6
24,76,2,1,12,0,1,6,2
24,77,3,1,12,0,0,0,0,6,0,0,0,0;0,0,0,6,0,0,0,0,0;0,6,0,0,0,0,0,0,4
24,79,5,1,6,0,0,0,0,0,0,0,3,0,0,0,0,0,0,0,0,0,0,0,0,0,0,0,0,0;5,0,0,0,0,0,0,3,0,0,0,0,0,0,0,0,0,0,0,0,0,0,0,3,0
24,80,3,1,6,0,0,0,0,0,0,3,0,0;0,0,0,0,0,1,0,0,2
24,81,3,1,6,0,0,0,0,0,0,0,0,3;0,0,0,1,0,2,1,0,2
24,82,4,1,6,0,0,0,0,0,0,0,0,0,0,3,0,0,0,0,0;0,0,0,0,0,0,0,0,0,3,0,0,0,0,0,0;0,0,0,0,0,0,0,0,3,0,0,0,0,0,0,2
24,86,3,1,6,0,0,0,0,0,0,0,0,3;0,0,0,1,0,1,2,0,2
24,87,4,1,6,3,3,1,1,3,3,4,3,0,0,2,0,0,0,3,2;3,3,0,0,3,3,3,3,0,0,3,0,0,0,3,3
24,88,5,1,6,1,0,0,1,0,0,0,3,0,0,0,0,3,0,0,0,0,0,0,0,0,0,0,0,0;0,0,0,3,0,0,0,3,0,0,0,0,0,0,0,0,0,0,0,0,0,0,0,0,0
24,89,3,1,6,0,0,0,0,4,0,3,2,0;0,0,0,0,3,0,3,3,3
24,90,4,1,6,0,0,0,0,0,1,1,0,0,0,0,0,0,0,0,0;0,0,0,3,0,3,3,0,0,0,0,0,0,0,3,0
24,92,5,1,6,0,0,0,0,0,0,0,0,0,0,0,0,3,0,0,0,0,0,0,0,0,0,0,0,0;5,0,0,0,0,0,0,0,0,0,0,0,0,0,0,0,0,0,0,0,0,0,0,3,0
24,93,3,1,6,0,0,0,0,0,0,0,0,1;0,0,0,0,3,0,3,0,0
24,95,4,1,6,0,0,0,0,0,0,0,0,0,0,3,0,0,0,0,0;0,0,0,0,0,0,3,0,0,0,0,0,0,0,0,0;0,0,3,0,0,0,0,0,0,0,0,0,0,0,0,2
24,96,3,1,6,3,0,0,0,0,0,0,0,3;0,0,1,3,0,1,3,0,2
24,98,3,1,6,3,3,3,0,0,3,3,0,0;5,0,3,3,2,3,0,3,5
24,99,5,1,6,0,0,0,0,0,0,0,0,0,0,0,0,3,0,0,0,0,0,0,0,0,0,0,0,0;1,0,0,0,0,0,0,3,0,0,0,0,0,0,0,0,0,0,0,0,0,0,0,0,0
24,101,2,1,6,0,0,0,1;3,0,3,0
24,103,3,1,6,0,0,3,3,3,0,3,0,3;1,0,3,3,3,1,3,0,4
24,104,4,1,6,0,0,0,0,3,0,3,0,3,0,0,3,3,3,3,0;0,0,0,0,3,2,3,0,5,0,2,3,5,3,3,2
36,1,2,1,36,0,0,1,0
36,2,2,1,36,0,0,1,18
36,3,2,1,36,0,0,1,9
36,5,3,1,18,1,1,2,2,2,1,3,3,3;2,2,4,4,4,2,6,6,6
36,6,3,1,18,0,0,0,4,3,3,2,0,0;0,0,0,11,6,6,1,0,0
36,7,2,1,18,0,0,0,9;0,0,1,0
36,8,2,1,18,0,0,0,9;0,1,0,0
36,9,2,1,18,0,0,1,0;9,0,0,9
36,12,2,1,36,0,0,1,12
36,13,2,1,36,0,0,1,6
36,14,2,1,36,0,0,1,3
36,15,2,1,36,0,0,0,18;0,0,2,6
36,18,2,1,18,0,0,0,9;0,0,1,3
36,19,2,1,18,0,0,0,9;0,1,0,3
36,20,2,1,18,3,0,4,3;3,0,7,3
36,23,2,1,36,0,0,1,4
36,24,2,1,36,0,0,1,2
36,25,2,1,36,0,0,0,1
36,26,2,1,36,0,0,0,6;0,0,6,2
36,27,3,1,18,1,1,1,1,1,1,2,2,2;0,0,9,9,9,0,9,9,9
36,28,3,1,18,0,0,0,2,1,1,0,0,0;0,0,0,9,9,9,9,0,0
36,29,2,1,18,0,0,0,1;0,0,9,0
36,30,2,1,18,0,0,0,9;0,1,0,1
36,31,2,1,18,5,0,9,5;3,0,9,3
36,33,3,1,18,6,9,9,3,6,6,6,9,9;17,0,0,1,17,17,17,0,0
36,34,2,1,36,0,0,0,12;0,0,3,0
36,35,2,1,36,0,0,0,12;0,0,3,6
36,36,2,1,36,0,0,0,3;0,0,12,0
36,37,3,1,6,0,0,0,0,0,0,0,1,0;0,0,0,0,0,0,1,0,0
36,38,3,1,6,0,0,0,0,0,0,0,2,0;0,0,0,0,0,3,1,0,0
36,39,3,1,6,0,0,0,0,0,0,0,2,0;0,0,0,0,0,3,1,0,3
36,40,3,1,6,0,0,0,0,0,0,0,1,0;0,0,0,0,0,0,1,0,3
36,41,3,1,6,0,0,0,0,0,0,0,1,0;0,0,0,0,3,0,2,0,0
36,42,3,1,6,0,0,0,0,0,0,0,1,0;0,0,0,0,3,0,1,0,3
36,43,3,1,6,0,0,0,0,0,0,0,1,3;0,0,0,0,3,0,2,0,3
36,44,3,1,6,0,0,0,0,0,0,0,2,0;0,0,0,0,0,3,1,1,3
36,48,3,1,6,0,0,0,0,0,0,0,3,0;0,0,0,0,0,2,1,0,0
36,49,3,1,6,0,0,0,0,0,1,1,0,0
36,50,3,1,6,0,0,0,0,0,1,1,0,3
36,51,3,1,6,0,0,0,0,0,0,0,0,3;0,0,0,0,0,2,1,0,0
36,52,3,1,6,0,0,0,0,0,0,0,0,3;0,0,0,0,0,1,2,0,0
36,53,3,1,6,0,0,0,0,0,1,1,3,0
36,54,3,1,6,0,0,0,0,0,0,0,0,3;0,0,0,0,1,2,2,4,2
36,55,3,1,6,0,0,0,0,0,1,1,3,3
36,56,3,1,12,0,2,1,0,2,0,0,0,0;0,4,0,0,4,0,0,0,0
36,58,3,1,12,0,1,0,0,1,0,0,0,0;0,4,4,0,4,0,0,0,0
36,59,3,1,6,0,0,0,0,0,0,0,3,0;0,0,0,0,0,2,1,0,2
36,60,3,1,6,0,0,0,0,0,1,1,0,2
36,61,3,1,6,0,0,0,0,0,1,1,0,1
36,62,3,1,6,0,0,0,0,0,0,0,0,3;0,0,0,0,0,2,1,0,1
36,63,3,1,6,0,0,0,0,0,0,0,0,3;0,0,0,0,0,1,2,0,1
36,64,3,1,6,0,0,0,0,0,1,1,3,2
36,65,3,1,6,0,0,0,0,0,0,0,0,3;0,0,0,0,1,0,2,0,0
36,66,3,1,6,0,0,0,0,0,1,1,3,1
36,67,2,1,12,0,0,0,4;0,0,1,0
36,68,2,1,12,0,0,0,4;0,0,1,2
36,69,2,1,12,0,0,0,1;0,0,4,0
36,70,2,1,12,0,0,0,2;0,0,2,0
36,-70,3,1,6,0,0,0,0,0,0,0,1,0;0,0,0,0,0,0,1,0,2
36,71,3,1,6,0,0,0,0,0,0,0,0,2;0,0,0,0,0,3,1,0,0
36,72,3,1,6,0,0,0,0,0,0,0,0,2;0,0,0,0,0,3,1,0,1
36,73,2,1,6,0,0,0,1;0,0,1,0
36,74,2,1,6,0,0,0,1;0,3,2,0
36,75,2,1,6,0,0,0,2;0,3,1,0
36,76,2,1,6,0,0,0,1;3,0,2,0
36,77,2,1,6,0,0,0,2;0,3,1,1
36,78,2,1,12,0,0,0,4;0,1,0,0
36,79,2,1,12,0,0,0,4;0,1,0,2
36,80,2,1,12,0,0,0,1;0,4,0,0
36,81,2,1,12,0,0,0,2;0,2,0,0
36,-81,3,1,6,0,0,0,0,0,0,0,1,0;0,0,0,0,2,0,3,0,0
36,82,3,1,6,0,0,0,0,0,0,0,0,2;0,0,0,0,0,1,3,0,0
36,83,3,1,6,0,0,0,0,0,0,0,0,2;0,0,0,0,0,1,3,0,1
36,84,2,1,6,0,0,0,1;0,2,3,0
36,85,2,1,6,0,0,0,1;0,1,0,0
36,86,2,1,6,0,0,0,2;0,1,3,0
36,87,2,1,6,0,0,0,1;3,2,0,0
36,88,2,1,6,0,0,0,2;0,1,3,1
36,89,2,1,12,0,1,8,4
36,90,2,1,12,0,1,8,2
36,91,2,1,12,0,1,8,1
36,92,3,1,6,0,0,0,0,0,0,0,1,0;0,0,0,0,2,0,1,0,2
36,93,3,1,6,0,0,0,0,0,1,1,2,2
36,94,3,1,6,0,0,0,0,0,1,1,2,1
36,95,2,1,6,0,0,0,3;0,2,1,1
36,96,2,1,6,0,0,0,3;0,1,2,1
36,97,2,1,6,0,1,5,2
36,98,2,1,6,0,0,0,3;1,0,2,1
36,99,2,1,6,0,1,5,1
36,100,2,1,12,0,1,4,0
36,101,2,1,12,0,1,4,6
36,102,2,1,12,0,1,4,3
36,103,3,1,6,0,0,0,0,0,0,0,1,2;0,0,0,0,2,0,3,0,2
36,104,3,1,6,0,0,0,0,0,1,1,4,0
36,105,3,1,6,0,0,0,0,0,1,1,4,3
36,106,2,1,6,0,0,0,1;2,0,3,0
36,107,2,1,6,0,0,0,1;2,3,0,0
36,108,2,1,6,0,1,1,0
36,109,2,1,6,0,0,0,1;1,0,0,0
36,110,2,1,6,0,1,1,3
36,111,2,1,12,0,1,4,4
36,112,2,1,12,0,1,4,2
36,113,2,1,12,0,1,4,1
36,114,2,1,12,0,0,0,6;0,2,2,2
36,115,3,1,6,0,0,0,0,0,1,1,2,0
36,116,3,1,6,0,0,0,0,0,1,1,2,3
36,117,2,1,6,0,0,0,3;0,2,1,0
36,118,2,1,6,0,0,0,3;0,1,2,0
36,119,2,1,6,0,1,1,2
36,120,2,1,6,0,0,0,3;1,2,2,0
36,121,2,1,6,0,1,1,1
54,1,2,1,54,0,0,1,0
54,2,2,1,54,0,0,1,6
54,3,2,1,54,0,0,1,2
54,4,2,1,54,0,0,1,18
54,5,3,1,18,0,0,0,0,0,0,0,12,0;0,0,0,0,0,0,1,0,0
54,8,2,1,18,0,0,0,6;0,0,1,0
54,11,2,1,18,0,0,1,0;6,0,0,6
54,13,2,1,18,0,1,6,2
54,16,3,1,18,0,0,0,0,0,0,0,12,0;0,0,0,0,0,0,1,0,6
54,20,2,1,18,0,0,0,2;0,0,3,0
54,21,2,1,18,2,0,3,2;2,0,6,2
54,24,2,1,18,0,1,6,0
54,25,3,1,18,0,0,0,0,0,0,0,12,0;0,0,0,0,0,0,6,0,0;0,0,0,0,0,0,3,0,6
54,26,3,1,6,0,0,0,0,0,0,1,0,0;0,0,0,0,0,2,0,0,2
54,28,3,1,6,0,0,0,0,0,0,1,0,2;0,0,0,0,0,2,0,0,0
54,30,3,1,6,0,0,0,0,0,0,1,3,2;0,0,0,0,0,0,2,4,4;0,0,0,0,0,0,5,3,2
54,33,4,1,6,0,0,0,2,0,2,2,0,0,0,0,0,0,0,2,0;0,0,1,0,0,2,2,0,0,0,0,0,0,0,0,0
54,35,4,1,6,0,2,2,0,2,0,2,0,0,0,2,2,0,2,2,0;1,2,0,3,1,2,0,3,1,2,0,3,1,2,0,3
54,37,3,1,6,0,0,0,0,0,2,0,0,0;0,0,0,4,2,2,1,3,2
54,38,4,1,6,2,2,2,0,0,2,0,2,0,2,2,0,0,2,2,0;2,4,0,4,0,0,3,3,0,0,3,3,0,0,3,3
54,41,3,1,6,0,0,0,0,0,0,1,3,2;0,0,0,0,2,0,0,0,2
54,46,3,1,6,2,0,0,2,0,2,2,2,0;2,0,0,3,1,1,3,1,1
54,47,3,1,12,0,4,4,0,4,0,0,0,0;0,2,0,0,2,0,0,0,2
54,48,3,1,6,0,0,0,0,0,0,1,0,0;0,0,0,0,0,2,0,0,0
54,49,2,1,6,0,0,0,2;1,1,3,1
54,51,3,1,6,0,0,4,2,4,0,4,0,2;4,0,4,3,0,2,4,0,0
54,52,4,1,6,2,2,2,2,0,2,2,0,0,0,2,0,0,0,2,0;2,4,3,2,0,2,4,0,0,0,2,0,0,0,2,0
54,59,3,1,6,2,2,2,0,0,2,2,0,0;5,3,4,1,1,2,3,1,2
54,60,2,1,54,0,0,1,27
54,61,2,1,54,0,0,1,3
54,62,2,1,54,0,0,0,1
54,63,2,1,54,0,0,1,9
54,64,3,1,18,0,0,0,0,0,0,0,12,0;0,0,0,0,0,0,1,0,9
54,67,2,1,18,0,0,0,3;0,0,2,0
54,69,2,1,18,0,0,0,3;0,2,0,0
54,70,2,1,18,3,0,4,3;3,0,6,3
54,72,2,1,18,0,1,6,1
54,74,2,1,18,0,0,0,3;0,2,0,1
54,75,3,1,18,0,0,0,0,0,0,0,12,0;0,0,0,0,0,0,1,0,3
54,77,2,1,18,0,0,2,0;12,0,0,15
54,78,2,1,18,0,0,2,3;6,0,2,6
54,79,2,1,18,0,0,0,1;0,0,6,0
54,80,2,1,18,2,0,6,2;3,0,6,3
54,83,2,1,18,0,1,6,3
54,84,2,1,18,0,0,0,3;6,0,0,6;0,0,6,0
54,85,3,1,6,0,0,0,0,0,0,1,0,3;0,0,0,0,0,2,0,0,2
54,87,3,1,6,0,0,0,0,0,0,1,0,1;0,0,0,0,0,2,0,0,0
54,89,3,1,6,0,0,0,0,0,0,1,0,3;0,0,0,2,0,0,2,0,0;0,0,0,2,2,0,2,0,2
54,90,4,1,6,0,2,4,2,1,1,4,2,1,1,4,2,0,2,4,2;0,3,3,0,3,0,3,0,0,0,3,3,0,3,3,0
54,92,4,1,6,0,0,0,2,0,2,2,0,0,0,0,0,0,0,2,0;0,0,0,0,0,1,1,0,0,0,0,0,0,0,0,0
54,94,4,1,6,0,2,2,2,2,2,0,0,2,0,2,0,2,0,2,0;3,4,5,3,4,3,3,1,4,2,4,1,4,2,4,1
54,96,3,1,6,0,0,0,0,1,0,0,2,4;0,0,0,0,0,0,4,2,0
54,97,4,1,6,2,2,2,0,0,2,0,2,0,2,2,0,0,2,2,0;1,1,4,3,0,4,2,2,0,4,2,2,0,4,2,2
54,100,3,1,6,0,0,0,0,0,0,2,0,4;0,0,0,0,1,0,0,0,4
54,102,3,1,6,0,0,0,0,0,0,1,0,3;0,0,0,2,0,0,2,0,0;4,0,0,4,0,0,4,0,0
54,103,3,1,6,0,0,0,0,0,0,1,0,3;4,0,0,2,4,2,2,0,0
54,104,3,1,6,0,0,0,0,0,0,1,0,3;4,0,0,2,4,0,2,0,4
54,105,3,1,6,5,0,0,2,3,2,2,2,3
54,106,3,1,6,0,0,0,0,0,0,1,0,3;2,0,0,4,4,0,4,4,0
54,107,3,1,6,0,0,0,0,0,0,1,0,3;0,0,0,0,0,2,0,0,0
54,108,2,1,6,0,0,0,1;2,0,2,0
54,109,3,1,6,0,0,0,0,0,2,0,0,2;2,0,0,0,4,2,3,0,3
54,110,3,1,6,0,0,2,2,2,0,2,0,2;1,0,2,2,1,2,2,0,3
54,111,3,1,6,4,0,0,0,2,2,1,4,3
54,-111,4,1,6,2,2,2,2,0,2,2,0,0,0,2,0,0,0,2,0;1,4,1,1,0,1,4,0,0,0,1,0,0,0,1,0
54,118,3,1,6,2,2,2,0,0,2,2,0,0;1,4,0,2,1,2,4,2,3
8,1,2,1,8,4,0,3,4
8,2,2,1,8,1,1,1,1
8,3,2,1,8,0,0,7,1
8,4,2,1,8,4,0,7,0
8,5,2,1,8,0,2,0,0;4,2,0,0
8,7,2,8,14,0,0,2,1
8,8,2,1,4,0,1,0,0;2,0,0,0
8,10,2,1,4,2,0,0,0;2,0,1,0
8,11,2,1,4,2,0,0,2;2,1,0,2
8,13,2,1,4,2,0,0,1
8,15,2,1,4,0,0,0,1;0,2,0,0
8,16,2,1,8,2,0,0,0;4,4,0,0
8,17,2,8,14,0,0,2,5
8,19,2,1,4,0,0,1,2;2,0,1,0
8,20,2,1,4,0,2,0,0;1,2,0,0
8,21,2,1,4,1,2,2,1
8,23,2,1,8,2,2,0,2
8,24,2,1,4,0,1,2,0
8,25,2,1,4,0,0,0,2;0,0,2,0;0,2,0,0
8,-26,2,8,14,0,4,0,1;0,4,1,0
8,26,4,1,2,1,1,0,0,0,1,0,1,0,1,0,1,1,1,0,0;0,0,1,1,1,0,1,0,1,0,1,0,0,0,1,1
8,27,4,1,2,0,0,0,0,0,0,0,0,0,0,1,0,1,0,0,0;0,0,0,0,0,0,0,0,0,0,1,0,1,1,0,0
8,-28,4,1,2,0,1,0,1,0,0,0,0,0,0,0,0,0,0,0,0;0,1,0,1,0,0,0,0,0,0,0,0,0,0,1,0
8,28,3,1,2,0,0,1,0,1,1,0,1,1;0,1,1,0,1,1,0,1,1
8,-29,4,1,2,0,0,1,0,1,1,0,0,0,0,0,0,0,0,0,0;0,0,1,0,1,1,0,1,0,0,0,0,0,0,0,0
8,29,3,1,2,1,1,1,1,1,1,1,1,1;1,0,0,1,1,1,1,1,1
8,30,3,1,2,0,0,0,0,0,0,0,0,1;0,0,0,0,0,0,0,1,0;0,0,0,0,0,0,1,0,0
8,31,4,1,2,0,0,1,0,0,0,0,1,0,0,0,0,0,0,0,0;0,0,0,0,1,0,1,0,0,0,0,0,0,0,1,0
8,32,4,1,2,0,0,0,0,0,0,0,0,1,0,0,0,0,0,1,0;0,0,0,0,1,0,0,0,0,0,0,0,0,1,0,0
8,-33,4,1,2,0,0,0,1,0,0,1,0,1,0,0,0,0,0,0,0
8,33,4,1,2,1,0,0,1,1,0,0,0,1,1,0,1,1,0,0,1
8,34,3,1,2,0,0,0,1,0,0,1,0,0;1,1,1,1,1,1,1,1,1
8,35,4,1,2,0,0,0,0,0,0,0,1,0,0,1,0,1,0,1,1
8,36,4,1,2,0,0,0,0,0,0,0,0,0,0,1,0,0,0,0,1;0,0,0,0,0,0,0,1,1,0,0,0,0,0,0,0
8,37,3,1,2,1,1,0,0,1,0,0,1,0;0,1,1,0,0,0,0,0,0
8,-38,4,1,2,0,0,0,1,0,0,1,0,1,0,1,0,0,0,0,0
8,38,4,1,2,0,1,0,1,1,1,0,0,0,0,1,1,0,1,0,1
8,39,4,1,2,0,0,0,0,0,0,0,0,1,0,0,1,1,0,0,0;0,0,0,0,1,0,0,0,0,1,0,0,1,0,0,0
8,-40,4,1,2,0,0,0,0,1,1,0,0,0,0,0,0,0,0,0,1;0,0,0,0,1,1,0,0,1,0,0,0,0,0,0,0
8,40,4,1,2,0,0,0,0,0,0,1,0,1,0,1,0,0,0,0,0;0,0,0,0,0,0,0,0,0,0,0,0,0,0,0,1
8,41,3,1,2,0,0,0,0,0,0,0,1,1;0,0,0,0,1,0,1,0,1
8,42,4,1,2,0,1,0,0,0,1,1,0,0,1,0,1,0,0,0,0
8,43,3,1,2,0,0,0,0,0,0,0,0,1;0,0,0,0,0,1,0,0,0;0,0,1,0,0,0,0,0,0
8,44,3,1,2,1,0,0,0,1,0,0,0,0;0,0,0,1,0,0,1,0,0
8,45,3,1,2,0,0,0,0,0,0,0,1,0;1,0,0,0,1,0,1,0,1
8,-46,4,1,2,0,0,0,0,0,0,0,1,0,0,0,0,0,0,0,0;0,0,0,0,0,1,1,0,0,0,1,1,0,0,0,1
8,46,3,1,2,1,0,1,0,0,1,0,1,0
8,47,3,1,2,0,0,0,0,0,0,0,0,1;0,0,1,0,1,0,0,0,0
8,-48,4,1,2,0,0,0,0,1,1,0,0,0,0,0,0,0,0,0,1;0,0,0,0,1,1,0,0,0,0,1,0,1,1,0,1
8,48,3,1,2,0,0,0,0,0,0,0,0,1;0,1,0,1,0,0,0,0,0
8,49,2,1,2,1,1,0,1;1,0,0,0
8,50,3,1,2,1,0,0,0,0,0,0,1,1;0,0,0,0,1,0,0,0,1
8,51,3,1,2,1,0,1,0,1,0,1,0,0
8,52,4,1,2,1,1,1,1,1,0,1,1,0,1,1,0,1,0,1,1
8,-52,3,1,2,0,0,1,0,1,1,1,1,0
125,5,3,1,25,0,0,0,1,0,5,5,0,0;0,0,0,5,0,0,0,0,0;0,0,0,5,0,0,5,0,0
125,8,2,1,25,5,1,0,0;0,1,0,0
125,10,2,1,25,0,0,0,5;5,1,0,0
125,-11,3,1,25,0,0,5,1,0,1,5,0,0;5,0,0,0,5,5,0,0,5
125,11,2,1,25,5,1,0,0;5,0,0,5
125,15,2,1,25,5,5,0,0;1,1,1,1
125,16,3,1,25,5,0,0,0,0,0,1,5,0;0,0,0,5,0,0,0,0,0
125,21,2,1,25,0,0,0,5;1,0,0,1
125,23,3,1,25,0,0,0,0,0,1,5,0,0;0,0,0,5,0,0,0,0,0
125,24,2,1,25,5,0,0,5;0,1,5,5
125,25,3,1,25,0,0,0,5,0,0,0,0,0;0,0,0,5,0,0,5,0,0;5,0,0,5,5,0,0,5,0
125,26,4,1,5,0,0,0,0,0,0,0,0,0,0,0,0,0,1,0,0;0,0,0,0,0,0,0,0,1,0,0,0,0,1,0,1
125,27,4,1,5,0,0,0,0,1,0,0,1,0,0,0,0,0,0,1,1;0,0,0,0,0,0,1,0,0,0,0,0,0,0,0,0
125,28,4,1,5,0,0,0,0,0,0,0,0,0,0,0,0,1,0,0,0;1,0,0,0,0,0,0,0,1,0,0,0,0,1,0,0
125,31,4,1,5,0,0,1,0,1,0,0,0,0,0,0,0,0,0,0,0;0,0,0,0,0,0,1,1,0,0,0,0,0,0,1,0
125,32,2,1,25,0,0,1,0;5,0,0,20
125,33,4,1,5,1,0,1,0,0,0,1,0,0,0,0,0,0,0,0,0;0,0,0,0,0,0,1,1,0,0,0,0,0,0,1,0
125,35,4,1,5,0,0,0,1,0,0,1,0,0,0,0,0,0,0,0,0;1,1,1,1,1,1,0,0,0,0,1,1,0,0,1,1
125,37,4,1,5,0,0,0,0,1,0,1,0,0,0,0,0,0,0,0,0;0,0,1,0,0,1,0,0,0,0,1,0,0,0,0,1
125,38,4,1,5,0,0,0,0,0,0,1,0,1,0,0,1,1,0,1,0;0,0,0,0,1,0,0,1,1,0,1,0,1,0,0,1
125,39,4,1,5,0,0,1,0,1,0,0,0,0,0,0,0,0,0,0,0;0,0,0,0,1,0,0,1,0,0,0,0,0,0,1,0
125,40,5,1,5,0,1,0,0,1,0,0,0,0,0,0,1,0,1,0,0,0,0,0,0,0,0,0,0,0;0,0,0,0,0,0,0,0,0,0,1,4,0,0,0,0,4,0,0,4,0,0,0,0,0
125,41,4,1,5,0,0,0,0,0,1,0,0,0,0,0,0,0,0,0,1;0,0,0,0,1,0,0,0,0,0,0,0,0,0,0,1
125,42,6,1,5,0,0,0,0,0,0,0,0,0,0,0,0,1,0,0,0,0,0,0,0,1,0,0,0,0,0,0,0,0,0,0,0,0,0,0,0;0,0,0,0,0,0,0,0,0,0,0,0,0,0,0,0,0,0,1,0,0,0,0,0,0,0,0,0,0,0,0,0,0,0,0,0;0,0,0,0,0,0,1,0,0,0,0,0,0,0,0,0,0,0,1,1,0,0,1,0,1,0,0,0,0,0,0,0,0,0,0,0
125,44,4,1,5,0,0,0,1,0,0,0,0,0,0,1,0,0,0,1,1;0,0,1,1,0,0,0,0,0,0,1,0,0,0,0,1
125,45,4,1,5,1,0,0,0,0,1,0,0,0,1,1,0,1,0,0,1;0,0,0,0,0,0,0,0,0,1,0,0,0,0,0,0
125,46,4,1,5,0,0,0,0,0,0,0,0,0,0,0,0,0,1,0,1;1,0,0,0,0,0,0,0,1,0,1,0,0,0,0,0
125,47,4,1,5,0,0,1,0,0,0,0,0,1,0,0,0,0,0,0,1;0,0,0,0,1,0,1,0,0,0,0,0,0,0,0,0
125,48,4,1,5,0,0,1,1,0,0,0,0,0,0,0,0,0,0,1,0;0,0,0,0,0,0,0,0,0,0,0,0,0,0,1,0
125,49,2,1,25,0,0,1,0;5,0,0,10
125,-50,3,1,5,0,0,1,4,1,1,2,1,2
125,50,4,1,5,0,0,0,0,0,1,0,0,0,0,0,0,0,0,0,1;1,0,1,0,0,0,0,0,1,0,1,0,0,0,0,1
125,51,4,1,5,0,0,1,0,1,0,0,0,0,0,0,0,0,0,0,0;1,0,0,0,0,1,1,0,0,0,1,0,0,0,0,1
125,52,3,1,5,0,0,1,1,0,1,0,1,0
125,56,4,1,5,0,0,0,0,0,0,1,0,0,0,0,0,0,0,0,0;0,0,1,1,0,0,0,0,0,0,0,0,0,0,1,0
125,58,5,1,5,0,1,0,0,1,0,0,0,0,0,0,1,0,1,0,0,0,0,0,0,0,0,0,0,0;0,0,0,0,0,0,0,0,0,0,1,2,0,0,0,0,2,0,0,2,0,0,0,0,0
125,59,3,1,5,1,0,1,0,0,1,1,1,0
27,1,2,1,27,0,0,1,0
27,2,2,1,27,0,0,1,3
27,3,2,1,27,0,0,0,1
27,4,2,1,27,0,0,1,9
27,-5,2,2,54,9,9,3,9;9,0,3,9
27,5,2,1,27,0,3,0,0;9,3,0,0
27,7,2,27,14,0,0,3,1
27,8,2,1,9,0,1,0,0;3,0,0,0
27,10,2,1,9,3,0,0,0;3,0,1,0
27,11,2,1,9,3,0,0,3;3,1,0,3
27,13,2,1,9,3,0,0,1
27,15,2,1,9,0,0,0,1;0,3,0,0
27,16,2,1,27,3,0,0,0;9,9,0,0
27,-16,3,1,9,3,0,1,0,0,3,0,0,3;3,3,1,0,3,0,0,0,3
27,17,2,27,14,0,0,3,10
27,18,2,1,9,0,0,1,0;3,0,0,6
27,19,2,1,9,0,0,1,3;3,0,1,0
27,20,2,1,9,0,3,0,0;1,3,0,0
27,21,2,1,9,1,3,3,1
27,23,2,1,27,3,3,0,3
27,24,2,1,9,0,1,3,0
27,25,2,1,9,0,0,0,3;0,0,3,0;0,3,0,0
27,26,3,1,3,0,0,0,0,0,0,0,0,1;0,0,0,1,0,0,1,0,0
27,27,4,1,3,0,0,0,0,0,0,0,0,0,0,1,0,1,0,0,0;0,0,0,0,0,0,0,0,0,0,1,0,1,1,0,0
27,28,3,1,3,0,0,1,0,1,1,0,1,1;0,1,1,0,1,1,0,1,1
27,29,4,1,3,0,0,0,0,0,0,0,0,1,0,0,0,0,0,1,0;0,0,0,0,1,0,0,0,0,0,0,0,0,1,0,0
27,30,3,1,3,0,0,0,0,0,0,0,0,1;0,0,0,0,0,0,0,1,0;0,0,0,0,0,0,1,0,0
27,31,4,1,3,0,0,1,0,0,0,0,1,0,0,0,0,0,0,0,0;0,0,0,0,1,0,1,0,0,0,0,0,0,0,1,0
27,-29,4,1,3,0,0,0,0,0,0,0,0,1,0,0,0,0,0,1,0;0,0,0,0,1,0,0,0,0,0,0,0,0,1,0,0
27,33,4,1,3,1,0,0,1,1,0,0,0,1,1,0,1,1,0,0,1
27,34,4,1,3,0,0,0,0,1,0,0,0,1,1,0,0,1,0,0,0;0,0,0,0,1,0,0,0,1,1,0,1,0,0,0,0
27,35,4,1,3,0,0,0,0,0,0,0,1,0,0,1,0,1,0,1,1
27,36,4,1,3,0,0,0,0,0,0,0,0,0,0,1,0,0,0,0,1;0,0,0,0,0,0,0,1,1,0,0,0,0,0,0,0
27,37,3,1,3,1,1,0,0,1,0,0,1,0;0,1,1,0,0,0,0,0,0
27,38,4,1,3,0,1,0,1,1,1,0,0,0,0,1,1,0,1,0,1
27,39,4,1,3,0,0,0,0,0,0,0,0,1,0,0,1,1,0,0,0;0,0,0,0,1,0,0,0,0,1,0,0,1,0,0,0
27,41,3,1,3,0,0,0,0,0,0,0,1,1;0,0,0,0,1,0,1,0,1
27,42,4,1,3,0,1,0,0,0,1,1,0,0,1,0,1,0,0,0,0
27,43,3,1,3,0,0,0,0,0,0,0,0,1;0,0,0,0,0,1,0,0,0;0,0,1,0,0,0,0,0,0
27,44,3,1,3,1,0,0,0,1,0,0,0,0;0,0,0,1,0,0,1,0,0
27,45,3,1,3,0,0,0,0,0,0,0,1,0;1,0,0,0,1,0,1,0,1
27,46,3,1,3,1,0,1,0,0,1,0,1,0
27,47,3,1,3,0,0,0,0,0,0,0,0,1;0,0,1,0,1,0,0,0,0
27,48,3,1,3,0,0,0,1,0,0,1,0,0;0,0,0,0,0,0,1,1,0
27,-48,4,1,3,0,0,0,0,0,0,0,0,0,0,0,0,1,0,0,0;0,0,0,0,1,0,0,0,0,0,0,1,1,0,0,0
27,49,2,1,3,1,1,0,1;1,0,0,0
27,50,3,1,3,1,0,0,0,0,0,0,1,1;0,0,0,0,1,0,0,0,1
27,51,3,1,3,1,0,1,0,1,0,1,0,0
27,52,3,1,3,0,1,0,0,0,1,1,0,0
27,56,4,1,3,0,0,0,0,0,0,0,0,0,0,0,1,0,1,0,0;0,0,0,0,0,0,0,0,1,0,0,0,0,0,0,0
27,57,4,1,3,0,0,0,1,0,0,1,0,1,0,0,0,0,0,0,0
27,58,4,1,3,0,0,0,0,1,0,0,0,0,0,0,0,0,0,1,0;0,0,0,0,1,0,0,0,2,0,0,0,0,1,1,0
27,59,3,1,3,0,0,1,0,1,1,1,1,0
81,1,2,1,81,0,0,1,0
81,2,2,1,81,0,0,1,3
81,3,2,1,81,0,0,0,1
81,4,2,1,81,0,0,1,9
81,5,2,1,81,0,0,1,27
81,-6,2,81,6,0,0,0,5
81,7,2,1,27,1,9,0,1
81,8,2,27,2,1,7,19,18
81,9,2,1,81,0,0,3,9;0,0,9,0
81,10,2,1,81,0,0,0,3;0,0,27,0
81,11,2,1,27,9,0,0,1
81,12,2,1,81,0,0,0,27;0,0,3,0
81,13,2,1,27,3,0,1,3
81,16,2,81,6,0,0,3,1
81,17,2,1,27,3,0,1,6
81,18,2,1,27,9,0,0,0;0,1,0,0
81,19,2,1,27,0,0,0,9;0,0,1,3
81,20,2,1,27,0,0,0,1;0,0,9,0
81,21,2,1,27,9,0,0,0;0,0,1,0
81,22,2,27,4,1,11,26,10
81,23,2,1,27,0,0,0,1;0,9,0,0
81,24,2,1,27,0,0,1,3;9,0,0,9
81,25,2,1,27,0,0,0,9;0,1,0,3
81,26,2,1,27,0,0,1,0;9,0,0,9
81,27,2,81,6,9,0,3,1
81,30,2,81,6,0,0,3,28
81,32,2,1,27,0,3,0,9;3,1,0,0
81,34,2,1,27,0,0,1,9;9,0,1,0
81,35,2,1,27,0,0,1,0;18,0,9,9
81,36,3,1,9,0,0,0,3,0,3,1,3,0;0,0,0,1,3,0,1,3,0
81,37,3,1,9,0,0,0,3,0,0,1,3,0;0,3,0,3,3,0,3,1,0
81,38,3,1,9,0,0,0,0,0,0,1,3,0;0,0,0,1,0,3,0,0,0
81,39,3,1,9,0,0,0,0,0,0,1,3,0;0,0,0,1,0,3,0,0,3
81,40,3,1,9,3,1,0,0,0,3,0,3,0;0,1,1,0,3,0,0,3,0
81,41,3,1,9,3,0,3,1,3,0,0,0,3;0,0,0,1,3,1,0,0,3
81,42,3,1,9,0,0,0,0,0,1,3,0,0;3,0,3,1,3,3,0,0,3
81,43,3,1,9,0,1,0,0,3,3,0,3,3;0,0,1,0,3,0,0,0,0
81,44,3,1,9,3,0,0,3,0,3,1,0,0;0,0,0,1,3,3,1,0,3
81,45,3,1,9,0,0,0,1,0,3,1,0,3;0,0,0,0,0,3,1,3,0
81,46,3,1,9,0,0,0,0,0,0,1,3,0;0,0,0,1,0,3,0,3,3
81,47,3,1,9,0,0,0,1,3,3,1,3,3;0,0,0,3,3,3,1,3,0
81,48,3,1,9,0,0,0,3,0,0,3,1,0;0,3,0,3,3,0,1,3,0
81,49,3,1,9,0,1,3,0,0,0,0,3,3;0,1,1,0,0,3,0,3,0
81,50,3,1,9,0,0,0,0,0,0,3,1,3;3,0,0,3,3,0,1,1,0
81,51,3,1,9,0,0,0,0,0,0,0,1,3;0,0,0,0,3,0,1,0,3
81,52,3,1,9,0,1,1,0,0,0,0,3,3;0,1,3,0,3,0,0,3,0
81,53,2,1,27,0,0,3,0;3,0,3,3
81,-53,3,1,9,0,1,1,0,3,0,0,3,3;0,1,3,0,0,0,0,3,0
81,54,3,1,9,0,0,0,0,0,0,1,0,0;0,0,0,1,3,0,0,3,3
81,55,3,1,9,0,0,0,3,0,0,1,1,3;0,0,0,0,3,0,3,1,0
81,56,3,1,9,0,0,0,0,0,0,1,3,0;0,0,0,1,0,0,0,0,0
81,57,3,1,9,0,0,1,0,3,1,0,0,0;0,3,0,0,3,1,0,0,0
81,58,3,1,9,0,0,0,0,0,0,1,3,0;0,0,0,1,3,0,0,3,0
81,59,3,1,9,0,3,1,0,0,3,0,0,3;0,1,3,0,0,0,0,3,3
81,60,3,1,9,0,0,0,0,3,3,1,3,3;0,0,0,1,3,0,3,3,0
81,61,3,1,9,0,3,1,0,0,3,0,0,3;0,1,1,0,3,0,0,3,0
81,62,3,1,9,0,3,3,0,3,1,0,0,3;0,0,1,0,0,3,0,0,3
81,63,3,1,9,0,0,0,1,3,0,0,3,0;3,0,0,1,0,0,1,0,0
81,64,3,1,9,0,1,3,0,3,0,0,3,3;0,1,1,0,3,0,0,3,3
81,65,3,1,9,3,1,0,0,0,3,0,3,0;0,1,1,0,0,3,0,3,0
81,66,3,1,9,0,0,0,1,3,0,0,0,3;3,0,0,3,3,0,1,3,3
81,67,2,1,27,0,0,0,3;0,3,0,0
81,-67,3,1,9,0,0,0,0,0,0,1,3,0;0,0,0,1,3,0,0,0,0
81,68,3,1,9,0,0,0,3,0,3,1,3,0;0,0,0,1,0,0,0,0,0
81,69,3,1,9,0,0,0,2,0,2,1,2,0;0,0,0,1,0,0,1,0,0
81,70,3,1,9,0,0,0,0,0,1,3,0,0;0,0,3,1,0,0,0,0,0
81,71,3,1,9,0,0,0,0,0,3,1,0,3;0,0,0,1,3,0,0,3,0
81,72,3,1,9,3,0,3,3,3,1,0,0,3;0,0,0,1,0,3,3,0,0
81,73,3,1,9,0,0,0,0,0,0,1,0,3;0,0,0,1,0,0,0,3,3
81,74,3,1,9,0,0,0,0,0,1,3,0,0;0,0,0,1,3,0,0,0,0
81,75,3,1,9,0,0,0,0,0,0,1,0,3;0,0,0,1,3,0,0,3,0
81,76,3,1,9,0,0,0,0,0,0,1,0,3;0,0,0,1,3,3,0,3,3
81,77,3,1,9,0,0,0,3,3,3,1,0,3;0,0,0,1,3,3,1,0,0
81,78,3,1,9,0,0,0,0,3,3,1,3,3;0,0,0,1,0,0,0,3,0
81,79,3,1,9,0,0,0,0,3,3,1,3,3;0,0,0,1,0,3,0,3,3
81,80,3,1,9,0,1,0,0,0,3,0,3,3;0,1,1,0,0,3,0,3,3
81,81,3,1,9,0,0,0,3,0,3,1,3,0;3,0,0,1,3,3,0,3,3
81,82,3,1,9,0,0,0,0,0,0,0,1,0;0,0,0,3,0,0,1,0,0
81,83,3,1,9,0,0,0,1,0,3,3,0,3;0,0,0,1,0,1,3,0,3
81,84,3,1,9,0,0,3,3,0,1,0,0,0;0,0,1,3,3,3,0,0,0
81,85,3,1,9,0,0,3,3,0,1,0,0,0;0,0,3,1,3,3,0,0,3
81,86,3,1,9,3,1,0,0,3,0,0,3,0;3,1,1,0,3,0,0,3,0
81,87,3,1,9,0,0,0,3,0,0,1,1,3;0,3,0,0,0,0,3,1,0
81,88,3,1,9,0,0,0,0,0,0,3,1,3;0,0,0,3,0,0,1,0,3
81,89,3,1,9,0,0,0,0,0,0,0,1,0;0,0,0,3,0,0,1,0,3
81,90,3,1,9,0,0,0,1,0,3,1,3,3;0,0,0,3,3,3,1,3,0
81,91,3,1,9,0,0,0,0,0,1,1,0,3
81,92,3,1,9,0,0,0,0,0,0,1,0,3;0,0,0,1,3,3,0,0,3
81,93,3,1,9,0,0,0,0,0,1,3,0,0;0,0,3,1,3,0,0,0,3
81,94,3,1,9,0,0,0,0,0,1,3,0,0;0,0,0,1,3,0,3,0,3
81,95,3,1,9,0,0,0,3,0,3,1,3,0;0,0,0,1,0,0,0,0,3
81,96,3,1,9,0,1,0,0,0,0,0,0,0;0,1,1,0,0,0,0,0,3
81,97,3,1,9,0,0,0,0,0,1,3,0,0;0,0,0,1,0,0,0,0,0
81,-98,3,1,9,0,0,1,0,3,0,0,0,3;0,0,3,0,3,1,0,0,0
81,-99,3,1,9,0,0,1,0,3,0,0,0,3;0,3,1,0,0,1,0,0,3
81,98,2,1,27,0,0,0,3;3,0,0,0
81,99,2,1,27,3,9,0,3;3,3,3,0
81,100,3,1,9,0,3,1,0,3,0,0,0,3;3,1,3,0,0,0,0,3,3
81,101,2,1,9,0,0,0,1;0,0,1,0
81,102,2,1,9,0,0,0,1;0,1,0,0
81,103,3,1,9,0,1,3,0,3,0,0,3,3;0,1,1,0,0,3,0,3,0
81,104,2,1,9,0,1,1,0
81,-105,2,1,9,0,1,2,2
81,105,2,1,9,1,3,1,1
81,106,2,1,9,0,1,1,1
81,107,3,1,9,0,1,0,0,0,0,0,0,0;0,1,1,0,0,0,0,0,0
81,108,3,1,9,0,0,0,0,0,0,1,0,0;0,0,0,0,0,0,1,1,3
81,109,3,1,9,0,0,0,0,0,1,1,3,0
81,110,2,1,9,0,1,2,1
81,111,3,1,9,0,0,0,0,0,1,1,0,0
81,112,3,1,9,0,0,0,0,0,1,1,0,1
81,113,3,1,9,0,0,0,0,0,1,1,3,1
81,114,3,1,9,0,0,0,1,0,3,1,3,0;3,0,0,1,3,0,3,0,3
81,115,3,1,9,0,0,0,0,0,3,1,3,3;0,0,0,1,0,0,0,0,3
81,116,3,1,9,0,0,0,0,0,1,3,0,0;0,0,0,1,0,0,3,0,3
81,117,3,1,9,0,1,0,0,3,3,0,3,3;0,1,1,0,3,3,0,0,0
81,118,3,1,9,3,3,0,3,0,0,1,3,0;0,3,0,3,3,0,3,1,0
81,119,3,1,9,0,0,0,3,0,0,3,1,0;3,3,0,3,0,0,1,0,3
81,120,3,1,9,0,0,0,1,0,3,1,0,3;0,0,0,0,0,3,1,0,0
81,121,3,1,9,0,0,0,1,0,0,0,0,3;0,0,0,3,0,0,1,3,3
81,122,3,1,9,0,0,0,1,0,0,0,0,0;3,0,0,3,3,0,1,0,3
81,123,2,27,18,0,0,0,9;1,0,0,1
81,124,3,1,9,0,0,0,0,0,0,1,0,3;0,0,0,1,0,3,0,3,0
81,125,3,1,9,3,0,1,0,0,3,0,0,3;3,1,3,0,0,0,0,3,3
81,126,3,1,9,0,0,0,3,3,3,1,0,3;0,0,0,1,3,0,0,0,0
81,127,3,1,9,0,0,0,1,0,3,1,0,3;0,0,0,0,3,3,1,3,0
81,128,3,1,9,0,0,0,1,0,3,1,0,0;0,0,0,3,3,3,1,3,0
81,129,3,1,9,0,0,0,2,3,3,1,3,3;0,0,0,3,3,3,1,3,0
81,130,3,1,9,0,1,0,0,0,3,0,3,3;0,1,1,0,3,0,0,3,0
81,131,3,1,9,0,0,0,0,0,3,1,0,3;0,0,0,1,3,0,0,3,3
81,132,3,1,9,0,0,1,0,3,0,0,0,3;0,0,1,0,0,1,0,0,0
81,133,3,1,9,0,3,1,0,3,1,0,0,3;0,0,1,0,0,3,0,0,3
81,134,3,1,9,0,1,0,0,3,3,0,3,3;3,1,1,0,0,0,0,0,3
81,135,3,1,9,0,1,0,0,0,3,0,3,3;0,1,1,0,0,0,0,3,0
81,136,3,1,9,3,0,0,3,0,0,0,1,0;0,0,0,0,3,0,1,1,0
81,137,3,1,9,0,0,3,3,0,1,3,0,3;0,0,3,1,0,1,3,0,0
81,138,3,1,9,0,0,0,1,0,3,1,3,0;0,0,0,0,0,3,1,0,3
81,139,3,1,9,0,1,1,0,0,3,0,3,3;3,1,3,0,3,0,0,3,3
81,140,3,1,9,0,0,0,1,3,3,0,3,3;3,0,0,0,3,3,1,0,0
81,141,3,1,9,0,0,0,3,0,3,1,3,3;3,0,0,1,0,0,3,3,3
81,142,3,1,9,0,0,0,1,0,1,3,0,0;0,0,0,0,3,1,3,0,0
81,143,3,1,9,0,0,0,0,0,1,3,0,0;0,0,3,1,3,0,3,0,0
81,144,3,1,9,3,3,0,3,0,0,1,3,0;3,0,0,3,3,0,3,1,3
81,145,3,1,9,0,0,0,1,0,3,0,3,0;3,0,0,1,0,3,1,3,0
81,148,2,27,54,0,0,2,1;0,0,2,2
81,149,2,27,22,0,0,0,3;1,0,0,1
81,150,2,81,294,0,0,0,1;0,3,6,3
81,151,2,81,294,0,0,70,71;0,3,54,44
81,152,2,81,294,0,0,12,45;41,4,68,47
81,153,2,27,55,1,2,0,1;2,2,0,2
81,154,2,81,294,0,3,54,44;0,0,42,32
81,155,2,27,6,2,1,0,2;0,1,1,0
81,156,4,1,9,0,0,0,0,0,3,0,0,1,0,0,0,0,1,0,3;0,0,0,0,0,3,0,0,3,0,0,0,0,3,0,3
81,157,4,1,9,3,0,0,0,0,0,0,0,0,0,0,0,0,3,0,3;0,0,0,0,0,0,0,0,1,0,0,0,0,1,0,0
81,159,2,27,19,1,0,15,2;0,0,21,3
81,161,2,27,54,0,0,0,1;0,0,0,2;0,0,3,0
81,162,2,27,6,1,3,3,1;2,0,1,2
81,163,2,27,6,0,1,1,0;1,2,2,1
81,164,2,27,55,0,1,1,0;0,2,2,0
81,165,2,27,53,1,2,0,1;2,2,0,2
81,166,2,27,14,3,0,0,3;9,0,0,1
81,167,2,27,53,0,1,1,0;0,2,2,0
81,168,2,81,294,0,11,16,47;0,11,77,23
81,170,2,27,6,0,4,0,1;0,5,0,2
81,171,2,81,294,0,3,1,9;0,3,44,1
81,172,4,1,9,3,0,0,0,0,0,0,0,0,0,0,0,0,3,0,3;0,0,0,0,0,3,0,0,1,3,0,0,0,1,0,0
81,173,2,81,294,0,3,44,1;41,4,47,59
81,174,2,81,294,0,3,54,23;0,3,68,76
81,175,2,81,294,0,0,12,28;0,1,30,9
81,176,2,27,6,0,0,1,2;0,1,0,2
81,177,2,81,294,0,3,5,8;0,3,70,63
81,178,2,27,53,1,0,2,1;6,3,2,6
81,179,2,27,6,1,0,6,1;2,0,1,2
81,180,3,1,9,0,0,0,1,0,0,0,0,0;3,0,0,0,3,0,0,0,0;0,0,0,0,0,0,0,0,3
81,182,2,27,54,0,4,0,2;0,0,0,9
81,183,2,81,294,41,4,47,71;0,0,12,60
81,193,2,27,12,1,0,4,1;2,0,0,3
81,194,2,81,294,0,3,70,63;0,3,69,21
81,195,2,27,6,0,0,0,1;1,0,0,2
81,196,2,27,54,1,0,0,1;1,0,0,2
81,198,3,1,9,0,0,0,0,0,0,3,0,0;0,0,0,0,0,0,3,0,1;0,0,0,0,0,0,3,3,0
81,199,2,1,9,0,0,0,3;0,0,1,0;3,0,0,0
81,-200,2,1,27,0,0,0,9;0,3,3,0
81,200,3,1,9,0,1,0,0,0,3,0,3,3;0,0,0,0,0,0,0,0,3
81,201,2,1,9,0,0,0,1;0,3,3,0
81,202,2,1,9,0,0,0,3;0,1,3,0
81,203,2,1,9,0,0,0,1;3,0,3,0
81,204,2,1,9,0,0,0,1;3,3,0,0
81,205,2,1,9,0,0,0,3;1,0,3,1
81,206,2,1,27,9,0,0,0;9,0,0,9;9,0,3,0
81,207,2,27,22,0,0,0,1;0,0,3,0
81,210,2,27,14,0,1,4,0
81,211,2,27,14,0,1,4,1
81,212,2,1,27,9,0,0,9;9,0,3,3;9,9,9,9
81,213,2,27,12,0,0,0,5;0,0,1,0
81,-214,2,27,17,0,0,1,17;0,0,6,16
81,214,3,27,14,0,0,0,3,9,0,0,0,0;1,0,0,0,0,0,0,0,9
81,215,2,27,55,0,0,4,2;0,0,5,1
81,216,2,27,14,1,0,3,0;9,0,0,9
81,217,2,27,14,0,1,22,9
81,-217,2,27,14,0,1,1,0;0,0,3,9
81,-218,2,27,14,0,1,1,1;0,0,3,9
81,218,2,27,14,0,1,4,10
81,219,3,1,9,0,0,0,0,0,0,0,0,3;0,0,0,0,1,0,3,0,0
81,-220,3,27,14,0,0,0,0,0,1,1,0,3
81,220,2,27,22,9,1,1,1
81,221,2,27,14,9,1,1,3
81,222,2,27,14,0,0,0,1;0,0,1,3
81,223,2,27,14,3,0,0,1;3,1,0,0
81,224,2,27,9,0,0,1,2;4,4,2,1
81,225,2,27,14,1,0,0,0;1,1,3,9
81,226,2,27,14,1,0,0,0;1,1,3,0
81,227,2,27,14,1,1,1,3
81,-228,2,81,6,27,0,27,27;1,9,27,27
81,228,2,27,7,0,0,0,1;0,0,6,6
81,229,2,27,14,0,0,3,1;0,1,0,0
81,230,2,27,14,1,16,0,1
81,231,3,1,9,3,0,0,0,0,0,0,0,0;3,0,0,0,0,0,0,1,3;0,0,0,0,0,0,0,0,3
81,232,2,27,9,0,0,0,5;0,0,1,0
81,233,3,1,9,0,0,0,1,0,0,0,0,0;3,0,0,0,0,0,0,0,0;0,0,0,0,0,0,0,0,3
81,234,2,27,12,0,0,0,5;0,0,1,1
81,235,2,27,14,0,0,0,1;0,1,3,9
81,237,2,27,54,0,0,4,1;0,0,4,2
81,238,3,1,9,3,3,1,3,3,3,3,3,3;3,3,3,0,0,0,0,0,3
81,239,2,81,294,0,0,0,1;41,4,47,71
81,240,2,27,14,1,0,3,0;0,0,0,9
81,241,2,27,53,0,0,0,1;0,2,0,2
81,242,2,27,14,1,0,3,0;9,0,9,0
81,243,2,27,14,1,0,3,0;9,0,0,9
81,244,2,27,14,1,0,0,3;1,0,0,1
81,245,2,27,14,3,0,0,1;3,0,9,0
81,246,2,27,9,0,0,0,5;0,0,0,6;0,0,4,0
81,247,2,27,14,0,0,0,14;0,0,9,0
81,248,2,27,6,0,0,0,5;0,0,0,6;0,0,3,0
81,249,2,27,17,0,14,23,6
81,-249,3,27,14,0,0,0,0,0,3,9,0,1
81,250,2,27,14,1,9,3,9
81,251,3,1,9,0,1,1,3,1,0,0,3,1
81,252,3,1,9,3,3,1,0,3,0,0,0,0;0,3,0,0,0,0,0,0,0;0,3,1,0,3,3,0,0,3
81,254,2,27,12,0,0,0,2;0,0,0,3;0,0,4,0
81,255,2,27,22,0,1,3,1
81,256,2,27,14,0,0,0,1;1,0,1,3
81,257,3,1,9,3,0,3,1,3,3,3,3,0;3,0,0,0,3,3,3,0,3
81,258,3,1,9,0,3,0,3,0,3,1,0,3;3,0,0,0,3,0,3,3,0
81,259,3,1,9,0,3,0,3,0,3,1,0,3;0,0,0,3,3,0,0,3,3
81,260,4,1,9,3,1,0,3,0,0,0,0,0,1,3,1,0,0,3,0
81,261,3,1,9,3,0,0,0,3,1,3,0,3;0,0,0,3,3,0,3,0,3
81,262,3,1,9,3,0,0,0,3,1,3,0,3;0,0,0,3,0,1,0,0,3
81,263,3,1,9,0,0,0,0,0,0,0,0,3;0,0,0,1,0,1,3,0,0
81,264,3,1,9,0,0,0,0,0,1,3,0,0;0,0,0,0,0,3,3,0,0
81,265,3,1,9,0,0,0,0,0,0,0,0,3;0,0,0,0,1,0,1,0,1
81,266,3,1,9,0,3,3,0,3,0,0,3,0;0,1,1,0,1,0,0,0,1
81,267,2,27,14,0,0,3,1;9,0,21,19
81,268,3,1,9,0,0,0,0,0,0,3,0,3;0,0,0,1,0,3,1,0,0
81,269,3,1,9,0,0,0,0,0,0,0,0,3;0,0,0,1,0,0,1,0,0
81,271,2,27,9,0,0,0,5;0,0,1,1
81,272,2,27,54,1,0,16,5;0,3,16,3
81,292,2,27,6,1,0,0,1;2,0,0,4
81,298,2,81,294,4,3,33,67;41,30,1,62
81,299,2,81,294,0,0,12,28;0,1,47,7
81,300,2,1,3,1,1,1,0;0,1,0,0
81,301,2,1,9,0,0,0,3;0,0,3,0;0,3,0,0;3,0,0,0
81,302,4,1,3,1,0,0,0,1,1,1,0,0,0,1,0,0,0,1,1;1,0,1,0,1,1,1,1,0,0,1,0,0,0,1,1
81,303,5,1,3,0,0,0,0,0,0,0,0,0,0,1,0,0,1,0,1,0,0,0,0,0,0,0,0,0;0,0,0,0,0,0,0,0,0,0,0,0,0,0,0,0,0,0,0,0,0,1,0,0,0;0,0,0,0,0,0,0,0,0,0,0,0,0,0,0,0,0,0,0,0,1,0,0,0,0
81,304,4,1,3,0,0,0,0,1,0,0,0,0,0,1,0,1,0,1,1;0,0,0,0,1,1,0,0,0,0,0,0,0,0,0,0
81,-305,2,27,14,1,1,9,0;9,0,0,0;9,0,0,9
81,305,5,1,3,0,1,0,0,0,0,0,0,0,0,0,1,0,1,0,0,0,0,0,0,0,0,0,0,1;0,0,0,0,0,0,0,0,0,0,0,0,0,1,0,0,0,0,0,0,0,0,0,0,1;0,0,0,0,0,0,0,0,0,0,0,1,0,1,0,0,0,0,0,0,0,0,0,0,1
81,306,5,1,3,0,0,0,0,0,0,0,0,0,0,1,0,0,1,0,0,1,0,0,0,0,0,0,0,1;0,0,0,0,0,0,0,0,0,0,1,0,0,0,0,0,0,0,0,0,0,0,0,0,1
81,307,4,1,3,1,0,0,1,0,1,0,0,0,1,1,0,0,1,1,1
81,308,4,1,3,0,0,0,0,0,0,0,0,0,0,0,0,0,1,0,0;0,0,0,0,0,0,0,0,0,0,0,1,1,0,0,1
81,309,4,1,3,0,0,0,0,0,0,0,0,0,0,0,0,0,0,0,1;0,0,0,0,0,0,1,0,1,0,0,0,1,0,0,0
81,310,4,1,3,0,0,0,0,0,0,0,0,0,0,0,0,0,0,1,1;0,0,0,0,0,0,1,0,1,0,1,0,0,0,0,1
81,311,5,1,3,0,1,0,0,0,0,0,0,0,0,1,0,0,1,1,1,0,0,0,0,0,1,0,0,1
81,312,4,1,3,0,0,0,0,0,0,1,0,0,0,1,0,0,0,0,1;0,0,0,0,1,0,0,0,1,0,0,1,0,0,0,1
81,-313,4,1,3,0,0,0,0,0,0,1,1,0,1,1,0,0,1,1,0;0,0,0,0,1,0,0,0,0,0,0,0,0,0,0,0
81,313,3,1,3,0,0,0,0,0,0,1,0,0;0,0,0,0,0,1,0,2,1
81,314,5,1,3,0,1,0,0,0,0,0,0,0,0,1,0,0,1,0,1,1,1,0,0,0,0,0,0,0;0,0,0,0,0,0,0,0,0,0,0,0,0,0,0,0,0,0,0,0,0,1,0,0,0
81,315,4,1,3,1,1,1,0,0,1,1,0,0,1,0,1,0,1,1,1
81,316,6,1,3,0,0,0,0,0,0,0,0,0,0,0,0,1,0,0,0,0,0,0,0,1,0,0,0,1,0,0,0,0,0,0,0,0,0,0,0;0,0,0,0,0,0,1,0,0,0,0,0,0,0,0,0,0,0,0,1,0,0,1,0,0,0,0,0,0,0,0,0,0,0,0,0;0,0,0,0,0,0,0,0,0,0,0,0,0,0,0,0,0,0,1,0,0,0,1,0,1,0,0,0,0,0,0,0,0,0,0,0
81,317,4,1,3,0,0,0,0,0,0,0,0,0,0,0,0,1,0,0,0;0,0,0,0,0,0,0,0,0,0,0,1,0,1,0,0
81,318,4,1,3,0,0,0,0,1,1,0,0,0,0,0,0,1,0,0,0;1,0,0,0,0,1,0,0,1,1,0,0,0,0,0,1
81,-319,5,1,3,0,1,0,0,1,0,0,0,0,0,0,1,0,1,0,0,1,0,0,0,0,0,0,0,0;0,0,0,0,0,0,0,0,0,0,1,2,0,0,0,0,2,0,0,2,0,0,0,0,0
81,319,6,1,3,0,0,0,0,0,0,1,0,0,0,0,0,1,0,0,0,0,1,0,1,1,0,0,0,1,0,0,0,0,0,0,0,0,0,0,0;0,0,0,0,0,0,1,0,0,0,0,0,0,0,0,0,0,1,1,1,1,0,1,0,1,0,0,0,0,0,0,0,0,0,0,0
81,320,6,1,3,0,1,0,0,1,0,0,0,0,0,0,0,0,1,0,1,0,0,0,0,0,0,0,0,0,0,0,0,0,0,0,0,0,0,0,0;0,0,0,0,0,0,0,0,0,0,0,0,1,2,0,0,0,0,0,2,0,0,2,0,0,0,0,0,0,0,0,0,0,0,0,1
81,321,4,1,3,1,0,0,1,1,0,1,0,1,0,0,0,1,1,1,1
81,322,4,1,3,0,1,0,0,1,0,0,0,1,1,0,0,0,0,0,1;1,1,0,0,1,1,0,0,1,1,0,0,1,1,0,0
81,323,5,1,3,0,0,0,0,0,0,0,0,0,0,1,0,0,1,0,1,0,0,0,0,0,0,0,0,0;0,0,0,0,0,1,0,0,0,0,0,1,0,1,0,1,0,0,0,0,0,0,0,0,0;0,0,0,0,0,0,0,0,0,0,0,0,0,0,0,0,0,0,0,0,1,0,0,0,0
81,324,5,1,3,0,0,0,0,0,0,0,0,0,0,0,0,0,0,0,0,0,0,0,0,0,1,0,0,0;0,0,0,1,0,0,0,0,0,0,1,1,0,1,0,1,0,0,1,0,0,0,0,0,0
81,325,5,1,3,0,0,0,0,0,0,0,0,0,0,1,1,0,0,0,0,1,0,0,0,0,0,0,0,0;0,0,0,0,0,0,0,0,0,0,0,0,0,0,0,0,0,0,0,0,0,1,0,0,0;0,1,0,0,0,0,0,0,0,0,0,0,0,1,0,0,0,0,0,0,0,0,0,0,0
81,326,5,1,3,0,0,0,0,0,1,0,0,0,1,1,0,1,0,0,0,1,0,0,0,0,1,0,0,1
81,327,4,1,3,0,0,0,0,0,0,0,0,0,0,0,0,0,0,0,1;0,0,0,0,0,0,1,0,0,1,1,0,1,0,0,0
81,328,4,1,3,0,0,0,1,0,0,0,0,0,0,0,0,0,0,0,0;0,0,0,1,0,0,1,0,0,1,1,0,0,0,0,1
81,329,5,1,3,1,0,0,0,0,1,0,1,0,0,0,0,0,0,0,0,1,0,1,0,0,0,0,0,1;0,0,0,0,0,0,0,0,0,0,0,0,0,0,0,1,0,0,0,0,1,0,0,0,0
81,330,4,1,3,0,0,0,0,0,0,1,0,1,0,0,1,1,0,1,0;0,0,0,0,0,0,1,0,1,0,1,0,1,0,1,0
81,331,5,1,3,0,0,0,1,0,0,0,0,0,0,1,0,1,1,1,0,0,1,0,1,0,1,0,0,0
81,332,4,1,3,0,0,1,0,0,1,0,0,1,1,0,0,0,0,0,0;0,0,0,0,0,0,0,0,0,0,0,0,0,0,0,1
81,333,5,1,3,0,0,0,0,1,1,0,0,0,0,1,0,1,1,0,0,0,0,1,0,0,0,0,0,0
81,334,5,1,3,0,1,0,1,0,0,0,0,0,0,1,0,0,1,1,1,0,0,0,0,0,1,0,0,0
81,335,4,1,3,0,0,1,1,0,0,1,0,0,0,0,0,0,0,0,0;0,0,1,1,0,1,0,0,0,0,0,0,0,0,0,1
81,336,4,1,3,0,0,0,0,1,1,1,1,1,0,1,0,0,0,0,0;0,0,0,0,1,1,1,1,1,0,1,0,1,0,0,0
81,337,5,1,3,0,0,0,0,0,0,0,0,0,0,1,0,0,1,0,1,0,0,0,0,0,0,0,0,0;0,0,0,0,0,1,0,0,0,0,0,1,0,0,0,1,0,0,0,0,0,0,0,0,0;0,0,0,0,0,0,0,0,0,0,0,0,0,0,0,0,0,0,0,0,1,0,0,0,0
81,338,5,1,3,0,0,0,0,0,0,0,0,0,0,0,1,0,0,0,1,0,0,0,0,0,0,0,0,0;0,0,0,0,0,1,0,0,0,0,0,0,0,1,0,0,0,0,0,0,0,0,0,0,1
81,339,5,1,3,0,1,1,0,1,0,0,1,1,0,0,1,1,0,0,1,0,1,0,1,0,0,0,0,0
81,340,5,1,3,0,0,0,0,0,0,1,0,0,0,0,0,0,1,0,0,0,0,0,0,0,0,0,0,1;1,0,0,0,0,0,0,0,0,0,1,0,0,1,0,0,0,0,0,0,0,0,0,0,1
81,341,4,1,3,0,0,0,0,0,0,0,0,0,0,0,1,0,0,1,0;0,0,0,0,0,1,0,0,1,0,0,0,1,0,0,0
81,342,5,1,3,0,0,0,0,0,1,0,0,0,0,0,1,0,0,0,1,0,0,0,0,0,0,0,0,1;0,0,0,0,0,0,0,0,0,0,1,0,0,1,0,1,0,0,0,0,0,0,0,0,0
81,343,3,1,3,0,0,0,1,0,0,1,0,0;1,0,0,1,0,0,1,1,0
81,344,4,1,3,0,0,0,0,0,0,0,0,0,0,0,1,0,0,0,0;0,0,0,0,0,1,0,0,0,0,0,0,1,0,0,0
81,345,5,1,3,0,0,0,0,0,0,0,0,0,0,0,0,0,0,0,0,0,0,0,0,0,1,0,0,0;0,1,0,0,0,0,0,0,0,0,1,0,0,1,0,1,0,0,0,0,0,0,0,0,0
81,346,6,1,3,0,0,0,0,0,0,0,0,0,0,0,0,1,0,0,0,0,0,0,0,1,0,1,0,1,0,0,0,0,0,0,0,0,0,0,0;0,0,0,0,0,0,1,0,0,0,0,0,0,0,0,0,0,1,1,1,1,0,1,0,1,0,0,0,0,0,0,0,0,0,0,0
81,347,2,9,5,0,1,1,1;1,0,0,1
81,348,6,1,3,0,0,0,0,0,0,1,0,0,0,0,0,0,0,0,0,0,0,0,1,0,0,1,0,0,0,0,0,0,0,0,0,0,0,0,0;0,0,0,0,0,0,0,0,0,0,0,0,1,0,0,0,0,0,0,0,1,0,1,0,1,0,0,0,0,0,0,0,0,0,0,0;0,0,0,0,0,0,0,0,0,0,0,0,0,0,0,0,0,0,1,0,0,0,0,1,0,0,0,0,0,0,0,0,0,0,0,0
81,349,4,1,3,0,0,0,0,0,0,0,0,0,0,0,0,0,1,0,0;0,0,0,0,0,0,0,0,0,0,0,0,0,1,0,1;0,0,0,0,0,0,0,0,0,1,0,0,1,0,0,0
81,350,4,1,3,0,0,0,0,0,0,0,0,0,0,0,0,0,1,0,0;0,0,0,0,0,0,0,0,0,0,0,0,0,1,0,1;0,0,0,0,0,0,0,0,0,0,1,0,1,0,0,0
81,351,4,1,3,0,0,0,0,0,0,0,0,0,0,1,0,0,0,0,0;0,0,0,0,0,0,1,0,0,0,0,0,0,0,0,0;0,0,1,0,0,0,0,0,0,0,0,0,0,0,0,1
81,352,4,1,3,0,0,0,0,0,0,1,0,1,0,0,1,1,0,1,0;0,0,0,0,0,0,1,0,1,0,1,0,1,0,0,1
81,353,3,1,3,0,0,0,0,0,0,0,0,1;0,0,1,0,1,1,0,0,0
81,354,4,1,3,0,0,0,0,0,0,0,0,0,0,1,0,1,0,0,0;0,0,0,0,0,0,0,0,0,0,1,0,1,1,1,0
81,355,4,1,3,0,0,0,0,0,0,0,0,0,0,0,0,0,0,0,1;0,0,0,0,0,0,1,1,1,0,0,0,0,0,0,0
81,-356,4,1,3,0,0,0,0,0,0,1,1,0,1,1,0,0,1,1,0;0,0,0,0,0,0,1,1,1,1,0,1,0,1,1,0
81,356,3,1,3,0,1,0,0,0,0,0,0,1;1,0,1,0,1,0,0,0,0
81,357,3,1,3,1,0,0,0,1,1,1,0,0;1,0,0,1,0,0,0,1,1
81,358,4,1,3,0,0,0,0,0,0,1,0,1,1,0,1,1,1,1,1;0,0,0,0,0,1,0,1,1,0,1,0,0,0,0,0
81,359,4,1,3,0,0,0,0,0,1,0,0,0,0,1,1,1,0,0,1;0,0,0,0,0,1,0,0,0,1,1,0,1,0,0,1
81,360,4,1,3,0,0,0,0,0,1,0,0,0,0,1,1,1,0,0,1;0,0,0,0,1,0,0,1,0,1,0,1,0,0,0,0
81,361,5,1,3,0,0,0,0,0,0,0,0,0,0,1,0,0,0,1,0,0,0,0,1,0,0,0,0,0;0,0,0,0,1,0,0,0,0,0,1,0,0,1,0,0,1,0,0,0,0,0,0,0,0
81,362,4,1,3,0,0,0,0,0,0,0,1,0,0,0,0,0,0,0,0;0,0,0,0,0,0,1,0,1,0,0,0,0,0,0,0;0,0,0,0,1,0,1,0,0,0,0,0,0,0,0,0
81,363,5,1,3,0,0,0,0,0,1,0,0,0,0,0,1,0,0,0,1,0,0,0,0,0,0,0,0,0;0,0,0,0,0,0,0,0,0,0,1,0,0,1,0,1,0,0,0,0,0,0,0,1,0
81,364,5,1,3,0,1,0,0,0,0,0,0,0,0,1,1,1,1,0,0,0,0,1,0,0,0,1,0,1
81,365,4,1,3,1,0,0,0,0,0,0,0,0,0,0,0,0,1,0,1;0,0,0,0,0,1,0,0,1,1,0,0,0,0,0,0
81,366,2,27,58,0,0,0,7;0,0,0,8;0,0,4,0
81,367,4,1,3,0,0,0,0,0,0,0,0,0,1,0,0,0,1,0,1;0,0,1,0,0,1,0,0,0,0,1,0,0,0,0,1
81,368,3,1,3,0,0,0,0,1,0,0,0,1;0,1,0,0,0,0,1,0,0
81,369,4,1,3,0,1,1,0,1,1,1,0,0,0,1,0,1,0,0,1
81,370,3,1,3,0,0,0,1,1,0,1,0,1;1,1,0,1,0,1,1,0,1
81,371,5,1,3,1,0,0,0,0,0,0,0,0,0,0,0,0,0,0,1,0,0,0,1,0,0,0,0,1;1,0,0,0,0,0,0,0,0,0,1,0,0,0,0,0,1,0,1,0,0,1,0,0,1
81,372,3,1,3,1,0,1,0,1,1,0,1,1;1,0,0,0,0,0,0,0,0
81,373,3,1,3,0,0,0,0,0,1,1,0,1;0,0,0,0,1,0,0,0,1
81,374,3,1,3,0,0,0,0,0,0,0,1,0;0,0,1,0,1,0,1,0,0
81,375,3,1,3,0,0,0,0,0,0,0,1,0;0,0,0,1,0,0,0,0,1
81,376,3,1,3,0,0,0,0,0,0,0,0,1;0,0,0,0,0,1,1,0,0
81,377,6,1,3,0,0,0,0,0,0,0,0,0,1,0,0,0,0,1,0,0,0,1,0,1,1,0,0,0,0,0,0,0,0,0,0,0,0,0,0;0,0,0,0,0,0,0,0,0,0,0,0,0,0,0,0,0,0,0,0,0,0,0,0,0,0,0,0,0,0,0,0,0,0,1,0
81,378,3,1,3,0,0,0,0,0,0,0,1,0;0,1,0,1,1,0,0,0,0
81,379,5,1,3,0,0,0,0,0,0,0,0,0,0,1,0,0,0,1,0,0,0,0,1,0,0,0,0,0;0,1,0,0,1,0,0,0,0,0,0,1,0,1,0,0,0,0,0,0,0,0,0,0,0
81,380,3,1,3,0,0,0,0,1,0,1,0,1;0,0,1,0,0,0,1,0,0
81,381,3,1,3,0,0,0,0,0,0,0,1,0;0,0,1,0,0,0,1,0,1
81,-382,2,27,58,0,0,7,11;0,0,8,5
81,382,2,27,53,3,2,2,3;6,3,0,2
81,383,4,1,3,0,0,0,1,1,0,1,1,1,1,1,0,1,0,0,1
81,384,4,1,3,0,0,0,0,0,1,0,0,0,1,0,0,0,0,1,1;0,0,0,0,0,1,0,0,1,0,1,0,0,0,0,1
81,385,4,1,3,0,0,0,1,0,0,1,0,0,1,0,0,1,0,1,0
81,386,5,1,3,0,0,0,0,0,1,0,0,0,0,0,0,0,1,0,0,0,0,0,0,0,0,0,0,0;0,0,0,0,0,0,0,0,0,0,1,0,0,1,0,1,0,0,0,0,0,1,0,0,0
81,387,5,1,3,0,0,0,0,0,0,0,0,0,0,1,0,0,1,0,1,0,0,0,0,0,0,0,0,0;0,0,0,0,0,0,0,0,0,0,0,0,0,0,1,0,0,0,0,0,0,1,0,0,0
81,388,4,1,3,0,1,0,0,0,1,0,1,0,0,1,0,1,0,0,0
81,389,5,1,3,0,1,0,0,0,0,0,0,0,0,1,0,0,1,0,1,0,0,0,0,0,0,0,0,0;0,0,0,0,0,0,0,0,0,0,0,0,0,0,1,0,0,0,0,0,0,1,0,0,0
81,390,4,1,3,0,0,0,1,0,0,1,0,0,1,0,1,1,1,0,0
81,391,6,1,3,0,0,0,0,0,0,1,0,0,0,0,0,0,0,0,0,0,0,0,1,0,0,1,0,0,0,0,0,0,0,0,0,0,0,0,0;0,0,0,0,0,0,0,0,0,0,0,0,0,0,0,0,0,0,1,0,1,0,0,0,1,0,0,0,0,0,0,0,0,0,0,0;0,0,0,0,0,0,0,0,0,0,0,0,1,0,0,0,0,0,0,1,0,0,0,0,0,0,0,0,0,0,0,0,0,0,0,0
81,392,6,1,3,0,0,0,0,0,0,0,0,0,0,0,0,1,0,0,0,0,0,0,0,1,0,0,0,0,0,0,0,0,0,0,0,0,0,0,0;0,0,0,0,0,0,1,0,0,0,0,0,0,0,0,0,0,0,0,1,0,0,1,0,0,0,0,0,0,0,0,0,0,0,0,0;0,0,0,0,0,0,0,0,0,0,0,0,0,0,0,0,0,0,1,0,0,0,1,0,1,0,0,0,0,0,0,0,0,0,0,0
81,393,4,1,3,0,0,0,1,0,0,1,1,0,0,0,0,0,0,0,0;0,0,0,1,0,0,1,0,0,0,0,0,0,0,0,0;1,0,0,1,0,1,0,0,0,0,1,0,0,0,0,1
81,394,4,1,3,1,0,0,1,1,0,1,0,1,0,0,0,1,1,0,1
81,395,4,1,3,1,0,0,0,0,0,0,0,0,0,1,0,1,0,0,0;1,0,0,0,0,1,0,0,0,1,1,0,1,0,0,1
81,396,6,1,3,0,1,0,0,1,0,0,0,0,0,0,0,0,1,0,1,1,0,0,1,0,0,1,0,0,0,0,0,0,0,0,0,0,0,0,0;0,0,0,0,0,0,0,0,0,0,0,0,1,1,0,1,1,0,0,1,0,0,1,0,0,0,0,0,0,0,0,0,0,0,0,1
81,397,3,1,3,0,0,0,0,0,0,0,1,0;1,0,0,0,1,0,1,0,0;0,0,0,0,0,0,0,0,1
81,398,4,1,3,0,0,0,0,0,0,0,0,1,0,1,0,0,1,0,1;0,0,0,0,0,0,0,1,0,0,1,0,0,1,0,0
81,399,5,1,3,0,0,0,0,0,0,0,1,0,0,1,0,0,0,0,0,0,0,1,1,0,0,0,1,0
81,400,4,1,3,0,0,0,0,0,0,0,0,1,0,0,0,0,0,1,0;0,0,0,0,0,0,1,0,0,0,0,0,0,0,0,0
81,401,4,1,3,0,0,0,0,0,0,1,0,0,0,1,0,0,0,0,1;0,0,0,0,1,0,0,0,0,0,0,1,0,0,0,0
81,402,4,1,3,0,1,0,0,0,0,0,0,0,0,0,0,0,0,1,1;1,0,1,0,0,1,0,0,0,0,1,0,0,0,0,1
81,403,5,1,3,0,0,0,0,0,0,0,0,0,0,1,0,0,0,0,0,0,1,0,0,0,0,0,0,0;0,0,0,0,0,1,0,0,0,0,0,0,0,0,0,0,1,0,0,0,0,0,0,0,1
81,404,4,1,3,0,1,0,0,0,0,1,0,0,0,1,0,0,0,0,1;0,0,1,0,0,0,0,0,0,0,0,0,0,0,0,0;0,1,1,1,0,0,0,0,0,0,0,0,0,0,0,0
81,405,3,1,3,0,0,0,0,0,0,0,1,0;1,0,0,1,1,0,0,1,1
81,406,4,1,3,0,0,0,0,0,0,0,0,0,0,0,0,0,1,0,0;0,0,0,0,1,0,0,0,0,1,0,0,0,0,1,0
81,407,4,1,3,0,0,0,0,1,0,0,0,1,1,0,1,1,0,0,0;0,0,0,0,0,0,0,0,0,0,0,1,0,0,0,0;0,0,0,0,0,0,0,0,0,0,0,0,1,0,0,0
81,408,4,1,3,0,0,0,0,1,0,0,0,1,1,0,1,1,0,0,0;0,0,0,0,0,0,0,0,0,1,0,0,0,0,0,0;0,0,0,0,1,0,0,0,1,0,0,1,0,0,0,0
81,409,4,1,3,0,0,0,0,0,0,0,0,0,0,0,0,0,1,0,0;0,0,0,0,0,0,0,0,0,0,0,0,0,1,0,1;0,0,0,0,0,0,0,0,0,0,0,0,0,1,1,0;0,0,0,0,0,0,0,0,0,0,0,0,1,0,0,0
81,410,4,1,3,0,0,0,0,0,0,1,0,0,0,0,0,0,0,1,0;1,0,1,0,1,1,1,0,0,0,0,0,0,0,0,1;0,0,0,0,1,0,0,0,0,0,0,0,0,0,0,0
81,-411,2,27,36,0,0,0,7;0,0,0,8;0,0,4,0
81,411,5,1,3,1,0,0,0,0,0,0,0,0,0,0,0,0,0,0,1,0,0,0,1,0,0,0,0,1;0,0,0,0,0,0,0,0,0,0,1,0,0,0,0,0,1,0,0,0,0,1,0,0,0;0,0,0,0,0,0,0,0,0,0,0,0,0,0,0,1,0,0,2,1,1,0,0,2,1
81,412,4,1,3,0,0,0,0,0,1,0,0,0,0,0,0,0,0,0,1;0,0,1,0,0,1,0,0,1,0,0,0,0,0,0,0
81,413,5,1,3,0,1,0,0,0,0,0,0,0,0,1,0,0,1,0,1,0,0,0,0,0,0,0,0,0;0,0,0,0,0,0,0,0,0,0,1,0,0,0,1,0,0,0,0,0,0,1,0,0,0
81,414,6,1,3,0,0,0,0,0,0,0,0,0,0,0,0,1,0,0,0,0,0,0,0,1,0,0,0,0,0,0,0,0,0,0,0,0,0,0,0;0,0,0,0,0,0,1,0,0,0,0,0,0,0,0,0,0,0,0,1,0,0,0,0,0,0,0,0,0,0,0,0,0,0,0,0;0,0,0,0,0,0,0,0,0,0,0,0,0,0,0,0,0,0,1,0,0,0,1,0,1,0,0,0,0,0,0,0,0,0,0,0
81,415,5,1,3,0,0,0,0,0,0,0,0,0,0,1,0,0,1,0,1,0,0,0,0,0,0,0,0,0;0,0,0,0,0,1,0,0,0,0,0,1,0,0,0,1,0,0,0,0,0,0,0,1,0
81,-415,6,1,3,0,0,0,0,0,0,0,0,0,0,0,0,1,0,0,0,0,0,0,0,1,0,0,0,1,1,1,0,0,0,1,1,1,0,0,0;0,0,0,0,0,0,1,0,0,0,0,0,1,0,0,0,0,0,0,1,1,0,0,0,0,1,0,0,0,0,0,1,0,0,0,0
81,416,6,1,3,0,0,0,0,0,0,0,0,0,0,0,0,0,0,0,0,0,0,1,0,0,0,1,0,1,0,1,0,0,0,0,0,0,0,0,0;0,0,0,0,0,0,1,0,0,0,0,0,0,0,0,0,0,0,0,1,0,0,1,0,1,0,0,0,0,0,0,0,0,0,0,0
81,417,5,1,3,1,0,0,0,0,0,0,0,0,0,0,0,0,0,0,1,0,0,0,0,0,0,0,0,1;1,0,0,0,0,0,0,0,0,0,0,0,0,0,0,0,0,0,0,0,0,0,0,0,1;1,0,0,0,0,0,0,0,0,0,1,0,0,0,0,0,0,0,0,0,0,1,0,0,1
81,418,4,1,3,1,0,0,0,0,1,0,0,1,1,0,0,0,0,0,1;1,0,0,0,1,1,0,0,1,1,0,0,1,1,0,1
81,419,4,1,3,0,0,1,0,1,0,0,0,0,0,0,0,0,0,0,0;1,0,0,0,1,1,0,1,0,0,1,0,0,0,1,1
81,420,4,1,3,0,0,1,0,1,0,0,0,0,0,0,0,0,0,0,0;1,0,0,0,0,1,0,0,0,0,1,0,0,0,1,1
81,421,4,1,3,0,0,1,0,1,0,0,0,0,0,0,0,0,0,0,0;1,0,0,0,0,1,0,1,0,0,1,0,0,0,1,1
81,422,4,1,3,1,0,1,0,0,1,0,1,0,0,1,0,0,0,1,0;0,0,0,0,0,0,0,0,0,0,0,0,0,0,1,0
81,-423,2,27,34,0,0,1,19;0,0,2,1
81,423,6,1,3,0,0,0,0,0,0,0,0,0,0,0,0,1,0,0,0,0,0,0,0,1,0,0,0,0,1,0,0,0,0,0,1,0,0,0,0;0,0,0,0,0,0,1,0,0,0,0,0,0,0,0,0,0,0,1,1,1,0,0,0,1,0,1,0,0,0,1,0,1,0,0,0
81,424,4,1,3,0,0,1,0,0,0,0,0,0,0,0,0,0,0,0,0;0,0,1,1,0,1,1,0,0,0,1,0,0,0,0,1;0,0,0,0,0,1,1,0,0,0,1,0,0,0,0,1
81,425,5,1,3,0,1,0,0,0,0,0,0,0,0,1,0,0,1,1,1,0,0,0,0,0,1,0,1,0
81,426,2,81,294,0,3,54,23;0,3,56,8
81,427,2,81,294,41,4,47,71;0,11,12,61
81,428,2,27,55,1,3,2,1;2,0,1,2
81,429,2,27,53,4,0,0,2;5,0,0,2
81,430,2,27,18,0,0,0,2;0,1,3,20
81,431,2,81,294,0,3,71,63;0,11,54,30
81,432,2,81,294,0,3,54,44;0,3,69,48
81,433,2,27,53,2,0,0,2;4,0,2,4
81,434,2,81,294,0,0,0,1;24,23,37,16
81,435,2,81,294,41,4,7,71;0,0,12,45
81,436,3,1,9,3,0,0,0,3,1,3,0,3;0,0,0,3,0,1,0,0,3
81,437,2,27,53,4,0,0,4;4,2,2,4
81,438,2,27,9,0,0,1,6;0,0,2,10
81,439,3,1,9,3,0,0,0,3,1,3,0,3;0,0,0,3,3,0,3,0,3
81,440,2,27,9,1,2,0,1;2,1,0,2
81,441,2,27,12,2,1,4,2;3,1,0,3
81,442,2,27,9,1,0,0,2;2,0,0,1
81,443,2,81,294,41,4,47,77;0,0,12,45
81,444,2,27,53,0,0,0,1;0,0,2,2
81,445,2,27,6,0,0,0,1;0,1,0,2
81,446,2,81,294,0,0,2,32;0,11,54,30
81,447,2,81,294,0,0,0,1;24,24,60,29
81,448,2,81,294,0,3,54,27;0,0,80,14
81,449,2,81,294,0,3,54,44;0,3,69,21
81,450,2,81,294,0,3,70,30;0,3,71,18
81,451,2,27,53,2,0,0,2;2,1,1,2
81,453,2,27,53,2,0,0,2;4,3,1,4
81,454,2,81,294,0,3,71,63;30,23,65,67
81,455,2,27,22,0,0,0,1;0,3,0,0
81,456,2,27,22,1,0,0,9
81,457,3,1,9,0,0,0,0,0,3,0,0,0;0,0,0,0,0,3,0,0,1;0,0,3,0,0,0,0,0,0
81,-457,2,27,14,3,9,0,1;0,1,9,0;0,1,0,0
81,458,2,27,53,0,0,0,1;0,0,0,2;0,0,3,0
81,459,2,27,6,0,0,1,0;5,0,3,5
81,460,2,27,18,0,0,0,7;0,0,0,8;0,0,4,0
81,461,2,81,294,0,11,31,27;41,23,7,71
81,462,3,1,9,3,0,0,3,3,3,0,3,3;0,0,0,1,0,0,1,3,3
81,463,2,27,55,2,0,1,2;4,0,4,4
81,464,2,81,294,0,3,6,3;0,3,6,1
81,465,2,27,6,4,0,0,4;5,4,4,2
81,466,2,27,53,1,2,0,0;2,2,2,0
81,467,2,81,294,0,0,80,31;0,3,54,23
81,468,2,27,53,0,5,5,0;2,0,0,2
81,469,2,27,53,0,0,0,2;2,0,0,1
81,470,2,81,294,0,3,5,8;0,11,60,72
81,472,2,81,294,41,4,47,71;0,3,47,3
81,473,2,27,53,2,0,0,2;7,2,6,7
81,474,2,27,53,2,0,0,2;7,7,7,4
81,475,2,81,294,0,0,0,1;23,24,18,56
81,476,2,27,53,0,0,0,2;4,0,0,1
81,477,2,27,6,4,4,4,4;4,5,5,4
81,479,2,81,294,0,3,44,1;24,24,43,7
81,480,2,81,294,0,3,54,44;0,0,80,31
81,481,2,27,6,2,3,0,5;4,0,0,1
81,482,2,27,55,1,0,0,2;2,0,0,1
81,483,2,27,55,4,0,0,4;4,0,0,5
81,484,2,81,294,41,4,47,71;0,3,44,0
81,485,2,81,294,0,3,54,23;23,7,17,60
81,486,2,81,294,0,0,0,1;24,7,26,19
81,487,2,81,294,0,11,31,27;41,23,33,67
81,488,2,27,53,1,3,2,5;2,0,0,2
81,489,2,27,55,0,0,0,1;0,0,0,2;0,0,3,0
81,490,2,27,53,0,0,0,2;0,2,0,1
81,491,2,27,53,2,1,1,2;2,5,5,2
81,492,2,27,14,0,0,0,1;1,1,0,3
81,494,2,81,294,41,4,47,71;0,3,44,1
81,499,4,1,3,0,0,0,0,1,0,0,0,0,0,0,0,0,0,1,0;1,0,0,0,1,1,0,0,2,0,1,0,0,1,1,1
81,500,2,81,294,41,4,47,59;0,0,12,60
81,-502,5,1,3,0,0,0,0,0,0,0,0,0,0,0,0,0,0,0,0,0,0,0,0,0,1,0,0,0;0,0,0,0,0,0,0,0,0,0,0,0,0,0,0,0,0,0,0,0,1,0,0,0,0;1,0,0,0,0,0,1,0,0,0,0,0,1,0,0,0,0,0,1,0,0,0,0,0,0;0,0,0,0,0,0,0,0,0,0,0,0,0,0,0,0,0,0,0,0,0,0,0,1,0
81,502,4,1,3,1,0,0,0,0,0,0,0,0,0,0,0,0,0,0,0;1,0,0,0,0,0,0,0,1,0,0,0,1,0,0,0;1,0,0,0,1,0,0,0,1,0,0,0,1,0,0,0;1,0,0,0,0,0,0,0,0,0,0,0,1,0,0,0
81,503,4,1,3,1,0,1,0,1,1,0,1,0,0,1,0,0,0,1,1;1,0,0,0,0,1,0,1,0,0,1,0,0,0,2,1
81,507,3,1,9,0,0,0,0,0,1,3,0,0;0,0,0,1,3,0,3,0,0
81,508,2,1,9,1,2,3,1
81,509,2,27,32,7,7,7,2
81,511,2,27,32,0,0,0,1;0,0,7,0
81,512,2,27,32,0,7,7,7;22,21,21,12
81,513,2,27,32,0,0,0,1;0,7,0,7
81,514,3,1,9,0,0,3,3,0,1,0,0,3;0,0,1,3,3,1,0,0,0
16,1,2,1,16,0,0,1,0
16,2,2,1,16,0,0,1,2
16,3,2,1,16,0,0,0,1
16,4,2,1,16,0,0,1,4
16,5,2,1,16,0,0,1,8
16,7,2,1,8,1,4,0,1
16,8,2,1,16,0,2,4,2
16,9,2,1,16,0,0,2,4;0,0,4,0
16,10,2,1,16,0,0,0,2;0,0,8,0
16,11,2,1,8,4,0,1,1
16,12,2,1,16,0,0,2,0;0,0,8,8
16,13,2,16,6,0,0,2,1
16,14,2,16,6,4,0,2,1
16,15,2,16,6,8,2,0,1
16,16,2,1,8,4,0,0,4;4,1,0,4
16,17,2,1,8,0,1,4,0
16,18,2,1,8,4,0,0,0;0,1,0,0
16,19,2,1,8,0,0,0,4;0,0,1,2
16,20,2,1,8,1,4,0,0;1,0,0,0
16,21,2,1,8,4,0,0,0;0,0,1,0
16,22,2,1,16,0,2,4,0
16,23,2,1,8,0,2,0,1;0,4,0,4
16,24,2,1,8,0,2,0,4;2,1,0,0
16,25,2,1,8,2,1,0,4;0,4,0,4
16,26,2,1,8,4,0,4,4;0,0,1,4
16,27,2,1,8,4,4,1,2
16,38,4,1,2,1,0,0,0,0,0,0,0,0,0,0,0,0,0,0,0;1,0,0,0,0,0,0,0,1,0,0,0,1,0,0,0;1,0,0,0,1,0,0,0,1,0,0,0,1,0,0,0;1,0,0,0,0,0,0,0,0,0,0,0,1,0,0,0
16,-38,5,1,2,0,0,0,0,0,0,0,0,0,0,0,0,0,0,0,0,0,0,0,0,0,1,0,0,0;0,0,0,0,0,0,0,0,0,0,0,0,0,0,0,0,0,0,0,0,1,0,0,0,0;1,0,0,0,0,0,1,0,0,0,0,0,1,0,0,0,0,0,1,0,0,0,0,0,0;0,0,0,0,0,0,0,0,0,0,0,0,0,0,0,0,0,0,0,0,0,0,0,1,0
16,39,4,1,2,0,0,1,0,1,0,0,0,0,0,0,0,0,0,0,0;1,0,0,0,1,1,0,1,0,0,1,0,0,0,1,1
16,40,2,8,6,2,1,0,2;0,1,1,0
16,-40,2,8,18,2,0,0,2;4,2,2,1
16,-41,2,16,146,0,0,0,1;0,0,7,2
16,41,2,16,156,0,0,0,2;0,11,0,1
16,42,2,8,18,2,0,0,2;2,1,1,2
16,43,2,8,6,0,1,1,0;1,2,2,1
16,44,2,8,18,2,0,0,2;2,4,4,2
16,45,2,16,156,0,0,0,2;0,1,0,3
16,-45,2,16,176,0,0,0,1;0,0,5,7
16,-46,2,8,6,0,0,1,0;4,0,2,4
16,46,4,1,4,2,0,0,2,0,2,2,2,2,2,2,0,0,0,0,2;0,0,0,1,1,1,1,1,1,1,1,2,0,0,0,0
16,47,2,8,18,2,0,0,2;4,0,2,4
16,48,2,8,18,2,0,0,0;2,0,4,0
16,49,2,8,18,0,1,1,1;2,0,0,2
16,52,2,1,4,3,2,3,1
16,-52,2,1,4,2,2,1,0;1,0,2,1
16,53,3,1,4,0,0,0,0,0,1,2,0,0;0,0,2,1,0,0,0,0,0
16,54,3,1,4,0,0,0,2,0,0,2,1,0;2,2,0,2,0,0,1,2,0
16,55,3,1,4,0,0,0,2,0,0,1,2,0;0,2,0,2,2,0,2,1,0
16,56,3,1,4,0,0,0,0,0,0,1,2,0;0,0,0,1,0,0,0,0,0
16,57,3,1,4,0,1,0,0,0,2,0,2,2;0,1,1,0,0,2,0,2,2
16,58,3,1,4,0,0,0,2,0,0,2,1,0;0,2,0,2,2,0,1,2,0
16,59,3,1,4,0,0,0,0,0,1,2,0,0;0,0,0,1,0,0,2,0,2
16,60,3,1,4,0,0,0,2,0,2,1,2,0;0,0,0,1,2,0,1,2,0
16,61,3,1,4,0,1,0,0,2,2,0,2,2;0,1,1,0,0,2,0,2,0
16,62,3,1,4,0,0,0,0,0,0,1,2,0;0,0,0,1,0,2,0,0,0
16,63,3,1,4,0,0,0,0,0,0,1,2,0;0,0,0,1,0,2,0,2,2
16,64,3,1,4,0,1,0,0,0,2,0,2,2;0,1,1,0,2,0,0,2,0
16,65,3,1,4,0,0,0,0,0,1,2,0,0;0,0,0,1,2,0,0,0,0
16,66,3,1,4,0,2,1,0,0,2,0,0,0;0,1,0,0,2,2,0,2,2
16,67,2,1,8,0,0,0,2;0,2,0,0
16,-67,3,1,4,0,1,1,0,2,2,0,2,2;0,1,1,0,1,1,0,1,1
16,68,3,1,4,0,0,0,2,0,2,1,2,0;0,0,0,1,0,0,0,0,0
16,69,3,1,4,0,0,0,2,0,2,1,2,0;0,0,0,1,0,0,1,0,0
16,70,3,1,4,0,1,2,0,2,0,0,2,2;0,1,1,0,0,2,0,2,0
16,-70,4,1,4,0,0,0,0,0,2,0,0,0,0,0,0,0,0,1,2;0,0,2,0,0,0,0,0,0,0,2,0,2,1,0,2
16,71,3,1,4,0,0,0,0,0,0,1,0,2;0,0,0,1,0,0,0,2,0
16,72,3,1,4,0,0,0,0,0,0,1,2,0;0,0,0,1,0,2,0,0,2
16,73,3,1,4,0,0,0,0,0,0,1,0,2;0,0,0,1,0,0,0,2,2
16,74,3,1,4,0,0,0,0,0,0,1,0,2;0,0,0,1,0,2,0,2,0
16,75,3,1,4,0,0,0,0,0,0,1,0,2;0,0,0,1,2,0,0,2,0
16,76,3,1,4,0,0,0,0,0,0,1,0,2;0,0,0,1,2,2,0,2,2
16,77,3,1,4,0,0,0,0,0,0,1,2,0;0,0,0,1,0,2,0,2,0
16,78,3,1,4,0,0,0,0,2,2,1,2,2;0,0,0,1,0,0,0,2,0
16,79,3,1,4,0,0,0,0,2,2,1,2,2;0,0,0,1,0,2,0,2,2
16,80,3,1,4,0,0,0,0,0,2,1,0,2;0,0,0,1,2,0,0,2,2
16,81,3,1,4,2,0,0,1,0,1,2,0,2;0,0,0,0,0,1,0,0,0
16,82,3,1,4,0,0,0,0,0,1,0,0,0;0,0,0,1,0,1,2,0,0
16,83,3,1,4,0,0,0,1,0,2,2,0,2;0,0,0,1,0,1,2,0,2
16,84,3,1,4,0,0,2,2,0,1,0,0,0;0,0,1,2,2,2,0,0,0
16,85,3,1,4,0,0,2,2,0,1,0,0,0;0,0,2,1,2,2,0,0,2
16,86,3,1,4,2,1,0,0,2,0,0,2,0;2,1,1,0,2,0,0,2,0
16,87,3,1,4,0,0,0,0,0,0,0,1,2;0,0,0,2,0,0,1,0,2
16,88,3,1,4,0,0,2,2,0,1,0,0,2;0,0,1,2,2,1,0,0,0
16,89,3,1,4,0,0,0,0,0,0,0,1,0;0,0,0,2,0,0,1,0,2
16,90,3,1,4,0,0,0,0,0,0,0,1,2;0,0,0,0,2,0,1,0,2
16,91,3,1,4,0,0,0,0,0,1,1,0,2
16,92,2,1,4,0,1,1,0
16,93,3,1,4,0,0,0,2,0,2,1,2,0;0,0,0,1,2,0,0,2,2
16,94,3,1,4,0,0,0,0,0,1,2,0,0;0,0,0,1,2,0,2,0,2
16,95,3,1,4,0,0,0,2,0,2,1,2,0;0,0,0,1,0,0,0,0,2
16,96,3,1,4,0,1,0,0,0,0,0,0,0;0,1,1,0,0,0,0,0,2
16,97,3,1,4,0,0,2,0,0,1,0,0,0;0,0,1,2,0,0,0,0,0
16,98,3,1,4,0,0,0,2,0,2,1,2,0;0,0,0,1,2,0,0,0,2
16,99,3,1,4,0,0,0,2,0,2,1,2,2;0,0,0,1,2,0,0,0,2
16,100,3,1,4,0,0,0,1,0,2,2,0,0;0,0,0,1,2,2,1,0,0
16,101,2,1,4,0,0,0,1;0,0,1,0
16,102,2,1,4,0,0,0,1;0,1,0,0
16,103,2,1,8,0,0,0,2;2,0,0,0
16,104,2,1,4,1,0,0,0;0,0,0,1
16,105,2,1,4,1,2,1,1
16,106,2,1,4,0,1,1,1
16,107,3,1,4,0,1,0,0,0,0,0,0,0;0,0,1,0,0,0,0,0,0
16,108,3,1,4,0,1,1,0,0,0,0,2,2;2,1,2,0,0,0,0,2,0
16,109,3,1,4,0,0,0,0,0,1,1,2,0
16,110,2,1,4,1,0,1,1
16,111,3,1,4,0,0,0,0,0,1,1,0,0
16,112,3,1,4,0,0,0,0,0,1,1,0,1
16,113,3,1,4,0,0,0,0,0,1,1,2,1
16,114,2,8,6,0,0,0,1;4,0,0,2
16,115,2,16,156,0,0,0,5;0,6,0,1
16,-115,2,16,146,0,0,0,1;0,5,0,7
16,116,2,8,18,0,6,2,2;4,1,1,2
16,117,2,8,6,0,0,0,1;0,0,4,0
16,-125,2,16,137,0,0,0,1;0,7,9,2;4,14,15,14
16,126,2,16,130,0,0,0,1;0,7,9,2;4,4,15,6
16,127,2,16,130,0,7,9,1;0,7,9,6;4,4,9,11
16,128,2,8,18,2,0,0,2;4,0,0,1
16,129,2,8,18,1,2,0,0;2,2,2,0
16,-130,3,16,146,0,0,0,0,0,0,4,11,13;0,0,0,0,0,0,4,12,0;0,0,0,0,0,0,4,12,6
16,131,2,16,130,0,7,9,5;4,4,15,3;4,0,4,10
16,132,2,16,130,0,0,0,1;0,0,0,2;0,7,9,0
16,133,2,16,130,0,0,0,1;0,0,0,2;0,7,9,3
16,135,2,16,130,0,0,0,5;0,7,9,1;0,7,9,6
16,137,2,16,130,0,0,0,1;0,7,9,3;0,7,9,2
16,-137,2,16,125,0,4,0,0;0,4,0,1;0,4,12,0
16,138,2,16,137,0,0,9,2;0,7,9,6;0,4,0,11
16,141,2,16,137,0,0,0,1;0,0,0,2;0,7,9,3
16,143,2,16,130,0,7,9,7;0,7,0,9;0,7,9,5
16,144,2,16,130,0,7,9,3;0,7,9,1;4,7,0,15
16,145,2,16,137,0,0,0,5;0,7,0,9;0,4,9,13
16,-146,2,16,137,0,0,9,2;0,0,0,5;0,7,9,6
16,147,2,8,6,0,1,1,1;1,2,2,4
16,148,2,8,12,1,0,0,2;2,0,0,1
16,-148,2,8,6,5,2,2,7;0,7,4,4
16,149,2,8,6,0,1,1,0;1,2,4,4
16,150,2,8,6,0,0,1,2;0,1,0,2
16,151,2,8,18,4,0,0,4;4,2,2,4
16,152,2,8,9,0,0,0,1;0,0,0,2;0,0,3,0
16,153,2,16,176,0,0,8,3;0,0,10,5
16,-153,2,16,146,0,0,12,14;0,1,0,11
16,-154,5,1,4,2,0,0,0,0,0,0,0,0,0,0,0,0,0,0,2,0,0,0,0,0,0,0,0,2;2,0,0,0,0,0,0,0,0,0,1,0,0,0,0,1,0,0,0,0,0,1,0,0,2
16,154,4,1,4,2,0,0,0,0,0,0,0,0,0,0,0,0,2,0,2;0,0,0,0,0,0,0,0,1,0,0,0,0,1,0,0
16,155,4,1,4,2,0,0,0,0,0,0,0,0,0,0,0,0,2,0,2;0,0,0,0,0,2,0,0,1,2,0,0,0,1,0,0
16,-156,2,16,130,0,7,9,0;0,7,9,3;0,0,0,5
16,157,2,8,12,0,0,0,1;0,0,4,2
16,158,2,8,12,0,0,4,1;0,0,4,2
16,159,2,8,9,1,2,0,1;2,1,0,2
16,160,2,8,18,2,0,0,2;2,4,4,1
16,161,2,8,12,0,0,0,1;0,4,0,2
16,162,2,8,6,1,3,3,1;2,0,1,2
16,163,2,16,176,0,0,0,3;0,0,7,5
16,-163,2,16,156,0,6,0,1;13,15,4,7
16,164,2,8,6,0,0,0,1;0,4,0,2
16,165,2,16,176,0,1,15,5;0,1,15,9
16,166,2,8,6,0,0,0,1;0,0,4,2
16,167,2,8,6,1,0,0,1;2,0,0,4
16,-168,2,16,146,0,0,12,14;0,1,0,7
16,168,2,16,176,0,0,7,12;0,0,10,7
16,169,2,16,119,0,0,0,1;0,3,5,0
16,170,2,8,22,0,0,0,2;1,0,0,1
16,171,2,16,130,0,0,0,1;0,7,9,2;0,7,9,7
16,172,2,16,130,0,7,9,3;0,0,0,5;0,7,9,1
16,173,2,16,137,0,0,0,1;0,7,9,0;4,14,15,11
16,174,2,8,22,0,0,0,1;0,2,0,0
16,175,2,16,130,0,0,0,1;0,7,9,0;0,7,9,3
16,-176,2,16,137,0,0,0,1;0,0,0,2;0,7,9,0
16,177,2,8,22,0,0,0,1;0,0,2,0
16,-178,2,8,14,2,4,0,1;0,1,4,0;0,1,0,0
16,178,3,1,4,0,0,2,0,0,0,0,0,1;0,0,0,0,0,2,0,0,2;0,0,2,0,0,0,0,0,0
16,180,3,1,4,0,0,0,1,0,0,0,0,0;0,0,0,0,0,0,0,0,2;2,0,0,0,2,0,0,0,0
16,183,2,8,6,0,1,1,0;4,2,2,4
16,184,2,8,18,0,0,0,2;0,4,0,1
16,185,2,8,6,0,0,0,1;0,1,0,2
16,186,2,8,18,0,0,0,1;0,0,2,2
16,187,2,8,6,0,0,0,1;0,0,1,2
16,188,2,8,6,0,0,0,1;1,0,0,2
16,189,2,8,6,0,0,0,4;1,0,0,1
16,190,2,8,18,0,6,2,2;1,1,1,0
16,191,2,8,14,0,0,0,1;1,1,0,2
16,192,2,8,14,0,0,0,1;1,0,1,2
16,193,2,8,22,1,0,0,4
16,194,2,8,18,0,0,0,1;0,2,0,2
16,195,2,8,18,4,0,0,2;5,0,0,2
16,196,2,8,18,0,1,1,0;0,2,2,0
16,197,2,8,12,0,0,4,4;1,0,0,1
16,198,3,1,4,0,0,0,0,0,0,2,0,0;0,0,0,0,0,0,2,0,1;0,0,0,0,0,0,2,2,0
16,199,2,1,4,0,0,0,2;0,0,1,0;2,0,0,0
16,-200,2,1,8,4,4,4,4;4,2,6,2
16,200,3,1,4,0,0,0,2,0,2,1,2,0;0,0,0,2,2,0,0,0,0
16,201,2,1,4,0,0,0,1;0,2,2,0
16,202,2,1,4,0,0,0,2;0,1,2,0
16,203,2,1,4,0,0,0,1;2,0,2,0
16,204,2,1,4,0,0,0,2;0,1,2,1
16,205,2,1,4,0,0,0,2;1,0,2,1
16,206,2,1,8,4,0,0,0;4,0,0,4;4,0,2,0
16,207,2,8,6,0,0,0,1;0,0,2,0
16,-207,2,8,18,0,4,0,0;2,0,0,0
16,-208,2,16,6,8,0,8,8;1,4,8,8
16,208,2,8,7,0,0,0,1;0,0,3,0
16,209,2,8,14,1,0,0,0;1,1,2,0
16,210,2,8,14,0,1,1,0;0,0,2,0
16,211,2,8,14,1,1,1,0;0,0,2,0
16,-210,2,8,14,0,1,3,0
16,-211,2,8,14,0,1,3,1
16,212,2,1,8,4,0,0,4;4,0,2,2;4,4,4,4
16,-212,3,1,4,0,0,0,0,0,0,1,0,2;0,0,0,0,0,0,0,2,0;0,0,0,2,0,0,0,0,0
16,213,2,8,12,0,0,2,1;0,0,2,2
16,214,3,8,14,0,0,0,2,4,0,0,0,0;1,0,0,0,0,0,0,0,4
16,215,2,8,14,1,0,0,0;1,1,2,4
16,216,2,8,14,0,0,1,0;1,0,2,5
16,217,2,8,14,0,0,0,1;1,0,2,4
16,218,2,8,14,0,1,1,1;0,0,2,4
16,-218,2,8,14,0,1,3,5
16,219,3,1,4,0,0,0,0,0,0,0,0,2;0,0,0,0,1,0,2,0,0
16,220,3,8,14,0,0,0,0,0,1,1,0,2
16,-220,2,8,22,0,1,5,1
16,221,2,8,14,0,0,0,1;0,2,4,2
16,222,2,8,14,0,0,0,1;0,0,1,2
16,223,2,8,14,0,0,0,1;0,1,0,2
16,224,2,8,14,0,0,0,1;1,0,2,0
16,225,2,8,14,0,0,0,2;0,1,1,0
16,226,2,8,14,1,0,0,2;1,0,0,1
16,227,2,8,14,1,1,1,2
16,228,2,16,130,0,7,9,0;0,0,0,5;0,7,9,6
16,-229,2,16,119,7,10,14,0
16,230,2,8,6,0,0,0,1;0,0,0,2;0,0,3,0
16,231,3,1,4,2,0,0,0,0,0,0,0,0;2,0,0,0,0,0,0,1,2;0,0,0,0,0,0,0,0,2
16,232,2,8,9,0,0,0,1;0,0,4,2
16,233,3,1,4,0,0,0,1,0,0,0,0,0;2,0,0,0,0,0,0,0,0;0,0,0,0,0,0,0,0,2
16,234,4,1,4,0,0,0,0,0,2,0,0,1,0,0,0,0,1,0,2;0,0,0,0,0,2,0,0,2,0,0,0,0,2,0,2
16,235,2,8,12,0,0,0,1;0,0,0,2;0,0,3,0
16,236,2,8,18,0,0,0,1;0,0,0,2;0,0,3,0
16,237,2,8,22,0,1,2,1
16,238,3,1,4,2,2,1,2,2,2,2,2,2;2,2,2,0,0,0,0,0,2
16,240,2,8,14,0,0,0,4;0,0,2,1
16,242,2,8,14,0,0,0,4;0,2,0,1
16,243,2,8,14,1,0,2,0;4,0,0,4
16,245,2,8,14,0,0,0,2;0,4,0,1
16,247,2,8,14,0,0,0,2;0,0,4,1
16,249,3,8,14,0,0,0,0,0,2,4,0,1
16,250,2,8,14,0,2,4,1
16,251,3,1,4,0,1,1,2,1,0,0,2,1
16,252,3,1,4,0,0,0,0,0,0,0,0,2;0,0,0,1,2,0,0,0,0;2,0,0,1,0,0,0,0,0
16,253,2,8,14,4,2,0,1;4,0,0,4
16,254,2,8,14,2,0,0,2;4,0,0,1
16,255,2,8,14,0,0,0,1;0,1,2,0
16,256,2,8,14,0,0,0,1;0,1,2,4
16,257,3,1,4,2,0,2,1,2,2,2,2,0;2,0,0,0,2,2,2,0,2
16,258,3,1,4,0,2,0,2,0,2,1,0,2;2,0,0,0,2,0,2,2,0
16,259,3,1,4,0,2,0,2,0,2,1,0,2;0,0,0,2,2,0,0,2,2
16,260,4,1,4,2,1,0,2,0,0,0,0,0,1,2,1,0,0,2,0
16,261,3,1,4,2,0,0,0,2,1,2,0,2;0,0,0,2,2,0,2,0,2
16,262,3,1,4,2,0,0,0,2,1,2,0,2;0,0,0,2,0,1,0,0,2
16,263,3,1,4,0,0,0,0,0,0,0,0,2;0,0,0,1,0,1,2,0,0
16,264,3,1,4,0,0,0,2,0,1,0,0,0;2,0,0,2,0,2,2,0,2
16,265,3,1,4,0,0,0,0,0,0,0,0,2;0,0,0,0,1,0,1,0,1
16,266,3,1,4,0,0,0,0,0,0,2,0,0;1,2,2,2,1,0,0,0,0
16,267,4,1,4,2,0,0,2,0,2,2,2,2,2,2,0,0,0,0,2;0,0,0,1,1,1,1,1,1,1,1,2,0,0,0,2
16,268,3,1,4,0,0,0,0,0,0,2,0,2;0,0,0,1,0,2,1,0,0
16,269,3,1,4,0,0,0,0,0,0,0,0,2;0,0,0,1,0,0,1,0,0
16,270,4,1,4,0,0,0,1,1,1,1,1,1,1,1,2,0,0,0,0;0,0,0,0,0,0,2,2,2,2,0,2,0,0,0,0
16,-270,2,8,9,2,0,1,1;2,0,2,1
16,271,3,1,4,0,2,2,0,2,1,0,0,2;0,0,2,0,0,1,0,0,0
16,272,3,1,4,2,1,0,0,0,0,0,1,2;2,1,0,0,2,0,0,1,0
16,273,5,1,2,1,0,0,0,0,0,0,0,0,0,0,0,0,0,0,1,0,0,0,0,0,0,0,0,1;1,0,0,0,0,0,0,0,0,0,0,0,0,0,0,0,0,0,0,0,0,0,0,0,1;1,0,0,0,0,0,0,0,0,0,1,0,0,0,0,0,0,0,0,0,0,1,0,0,1
16,-274,4,1,2,0,0,0,0,0,1,0,1,1,0,0,1,0,1,0,1;0,0,0,0,1,0,0,0,0,0,0,0,1,0,0,0
16,274,4,1,2,0,0,0,0,0,0,0,0,0,0,0,0,1,0,0,0;0,0,0,0,0,0,0,0,0,0,0,1,0,1,0,0
16,275,6,1,2,0,0,0,0,0,0,0,0,0,0,0,0,1,0,0,0,0,0,0,0,1,0,0,0,1,0,0,0,0,0,0,0,0,0,0,0;0,0,0,0,0,0,1,0,0,0,0,0,0,0,0,0,0,0,0,1,0,0,1,0,0,0,0,0,0,0,0,0,0,0,0,0;0,0,0,0,0,0,0,0,0,0,0,0,0,0,0,0,0,0,1,0,0,0,1,0,1,0,0,0,0,0,0,0,0,0,0,0
16,276,6,1,2,0,0,0,0,0,0,1,0,0,0,0,0,0,0,0,0,0,0,0,1,0,0,1,0,0,0,0,0,0,0,0,0,0,0,0,0;0,0,0,0,0,0,0,0,0,0,0,0,1,0,0,0,0,0,0,0,1,0,1,0,1,0,0,0,0,0,0,0,0,0,0,0;0,0,0,0,0,0,0,0,0,0,0,0,0,0,0,0,0,0,1,0,1,0,0,0,1,0,0,0,0,0,0,0,0,0,0,0
16,277,5,1,2,0,1,0,0,0,0,0,0,0,0,1,0,0,1,0,1,0,0,0,0,0,0,0,0,0;0,0,0,0,0,0,0,0,0,0,1,0,0,0,1,0,0,0,0,0,0,1,0,0,0
16,278,4,1,2,0,0,0,0,0,0,0,0,0,0,0,0,0,1,0,0;0,0,0,0,0,0,0,0,0,0,0,0,0,1,0,1;0,0,0,0,0,0,0,0,0,0,0,0,0,1,1,0;0,0,0,0,0,0,0,0,0,0,0,0,1,0,0,0
16,279,5,1,2,1,0,0,0,0,0,0,0,0,0,0,0,0,0,0,1,0,0,0,1,0,0,0,0,1;0,0,0,0,0,0,0,0,0,0,0,0,0,0,0,1,0,0,1,1,1,0,0,1,1;0,0,0,0,0,0,0,0,0,0,1,0,0,0,0,1,1,0,1,1,1,1,0,1,1
16,280,4,1,2,0,0,1,0,0,0,0,0,0,0,0,0,0,0,0,0;0,0,1,1,0,1,1,0,0,0,1,0,0,0,0,1;0,0,0,0,0,1,1,0,0,0,1,0,0,0,0,1
16,281,4,1,2,0,0,0,1,0,0,1,1,0,0,0,0,0,0,0,0;0,0,0,1,0,0,1,0,0,0,0,0,0,0,0,0;1,0,0,0,0,1,1,0,0,0,1,1,0,0,0,0
16,282,6,1,2,0,0,0,0,0,0,0,0,0,0,0,0,1,0,0,0,0,0,0,0,1,0,0,0,0,0,0,0,0,0,0,0,0,0,0,0;0,0,0,0,0,0,1,0,0,0,0,0,0,0,0,0,0,0,0,1,0,0,1,0,0,0,0,0,0,0,0,0,0,0,0,0;0,0,0,0,0,0,0,0,0,0,0,0,0,0,0,0,0,0,1,0,0,0,1,0,1,0,0,0,0,0,0,0,0,0,0,0
16,283,4,1,2,0,0,0,0,1,0,0,0,1,1,0,1,1,0,0,0;0,0,0,0,0,0,0,0,0,0,0,1,0,0,0,0;0,0,0,0,0,0,0,0,0,0,0,0,1,0,0,0
16,284,3,1,2,0,0,0,0,0,0,0,0,1;0,1,1,1,0,1,0,0,0
16,285,3,1,2,0,0,0,0,0,0,0,0,1;0,0,1,1,0,0,0,0,0
16,286,6,1,2,0,0,0,0,0,0,0,0,0,0,0,0,1,0,0,0,0,0,0,0,1,0,0,0,0,0,0,0,0,0,0,0,0,0,0,0;0,0,0,0,0,0,1,0,0,0,0,0,0,0,0,0,0,0,0,1,0,0,0,0,0,0,0,0,0,0,0,0,0,0,0,0;0,0,0,0,0,0,0,0,0,0,0,0,0,0,0,0,0,0,1,0,0,0,1,0,1,0,0,0,0,0,0,0,0,0,0,0
16,287,5,1,2,0,1,0,0,0,0,0,0,0,0,1,0,0,1,0,1,0,0,0,0,0,0,0,0,0;0,0,0,0,0,0,0,0,0,0,0,0,0,0,1,0,0,0,0,0,0,1,0,0,0
16,288,5,1,2,0,0,0,0,0,1,0,0,0,0,0,0,0,1,0,0,0,0,0,0,0,0,0,0,0;0,0,0,0,0,0,0,0,0,0,1,0,0,1,0,1,0,0,0,0,0,1,0,0,0
16,289,4,1,2,1,0,0,0,0,1,0,0,1,1,0,0,0,0,0,1;1,1,0,0,1,1,0,0,1,1,0,0,1,0,0,0
16,-290,2,4,5,0,1,1,0;1,0,1,1
16,290,6,1,2,0,0,0,0,0,0,0,0,0,0,0,0,1,0,0,0,0,0,0,0,1,0,0,0,0,1,0,0,0,0,0,1,0,0,0,0;0,0,0,0,0,0,1,0,0,0,0,0,0,0,0,0,0,0,1,1,1,0,0,0,1,0,1,0,0,0,1,0,1,0,0,0
16,291,5,1,2,0,0,0,0,0,0,0,0,0,0,1,0,0,1,0,1,0,0,0,0,0,0,0,0,0;0,0,0,0,0,1,0,0,0,0,0,1,0,0,0,1,0,0,0,0,0,0,0,1,0
16,292,5,1,2,0,0,0,0,0,1,0,0,0,0,0,1,0,0,0,1,0,0,0,0,0,0,0,0,0;0,0,0,0,0,0,0,0,0,0,1,0,0,1,0,1,0,0,0,0,0,0,0,1,0
16,293,4,1,2,0,0,0,1,0,0,1,1,0,0,0,0,0,0,0,0;0,0,0,1,0,0,1,0,0,0,0,0,0,0,0,0;1,0,0,1,0,1,0,0,0,0,1,0,0,0,0,1
16,294,4,1,2,0,0,0,0,1,0,0,0,1,1,0,1,1,0,0,0;0,0,0,0,0,0,0,0,0,1,0,0,0,0,0,0;0,0,0,0,1,0,0,0,1,0,0,1,0,0,0,0
16,295,4,1,2,1,0,0,0,0,0,0,0,0,0,1,0,1,0,0,0;1,0,0,0,0,1,0,0,0,1,1,0,1,0,0,1
16,296,4,1,2,1,0,1,0,0,1,0,1,0,0,1,0,0,0,1,0;0,0,0,0,0,0,0,0,0,0,0,0,0,0,1,0
16,297,3,1,2,0,0,0,0,0,0,0,1,0;1,0,0,0,1,0,1,0,0;0,0,0,0,0,0,0,0,1
16,298,4,1,2,0,0,0,0,0,0,0,0,1,0,1,0,0,1,0,1;0,0,0,0,0,0,0,1,0,0,1,0,0,1,0,0
16,299,4,1,2,0,0,1,0,1,0,0,0,0,0,0,0,0,0,0,0;1,0,0,0,0,1,0,1,0,0,1,0,0,0,1,1
16,300,2,1,2,1,1,1,0;0,1,0,0
16,301,2,1,4,0,0,0,2;0,0,2,0;0,2,0,0;2,0,0,0
16,302,4,1,2,0,1,1,0,1,1,1,0,0,0,1,0,1,0,0,1
16,303,5,1,2,0,0,0,0,0,0,0,0,0,0,1,0,0,1,0,1,0,0,0,0,0,0,0,0,0;0,0,0,0,0,0,0,0,0,0,0,0,0,0,0,0,0,0,0,0,0,1,0,0,0;0,0,0,0,0,0,0,0,0,0,0,0,0,0,0,0,0,0,0,0,1,0,0,0,0
16,304,5,1,2,0,0,0,0,0,0,0,0,0,0,1,0,0,1,0,1,0,0,0,0,0,0,0,0,0;0,0,0,0,0,0,0,0,0,0,0,0,0,0,1,0,0,0,0,0,0,1,0,0,0
16,305,5,1,2,0,0,0,0,0,0,0,0,0,0,1,0,1,0,0,1,0,0,0,0,0,0,0,0,0;0,0,0,0,0,0,0,0,0,0,0,0,0,0,0,0,0,0,0,0,1,0,0,0,0;0,0,0,0,0,1,0,0,0,0,0,0,0,0,0,1,0,0,0,0,0,0,0,0,0
16,306,5,1,2,0,0,0,0,0,0,0,0,0,0,1,0,0,1,0,1,1,0,0,0,0,0,0,0,0;0,0,0,0,0,0,0,0,0,0,1,0,0,0,0,0,0,0,0,0,0,0,0,0,1
16,307,5,1,2,1,0,0,0,0,0,0,0,0,0,0,0,0,0,0,1,1,0,0,0,0,0,0,0,0;0,0,0,0,0,0,0,0,0,0,0,1,0,0,0,0,0,0,0,0,0,0,0,0,1
16,308,4,1,2,0,0,0,0,0,0,0,0,0,0,0,0,0,1,0,0;0,0,0,0,0,0,0,0,0,0,0,1,1,0,0,1
16,309,4,1,2,0,0,0,0,0,0,0,0,0,0,0,0,0,0,0,1;0,0,0,0,0,0,1,0,1,0,0,0,1,0,0,0
16,310,4,1,2,0,0,0,0,0,0,0,0,0,0,0,0,0,0,1,1;0,0,0,0,0,0,1,0,1,0,1,0,0,0,0,1
16,311,3,1,2,1,1,1,0,0,1,0,0,1;1,0,0,1,1,1,1,1,1
16,312,4,1,2,0,0,0,0,0,0,0,0,0,1,1,0,1,0,0,0;1,0,0,0,0,0,0,0,0,1,0,0,0,0,0,0
16,313,3,1,2,0,1,1,0,0,0,0,0,1;0,1,1,0,1,0,0,0,0
16,314,5,1,2,0,0,0,1,0,0,0,0,0,0,0,1,0,0,0,1,0,0,0,0,0,0,0,0,0;0,0,0,0,0,0,0,0,0,0,0,0,0,0,0,0,0,0,0,0,0,1,0,0,0
16,315,5,1,2,0,1,0,0,0,0,0,1,1,0,0,1,1,1,0,1,0,1,0,0,1,1,0,1,1
16,316,5,1,2,0,0,0,0,0,1,0,0,0,0,1,0,1,0,0,0,0,0,1,0,0,0,0,0,1;0,0,0,0,0,0,0,0,0,0,0,0,0,1,0,0,0,0,0,0,0,0,0,0,1
16,-317,4,1,2,0,0,0,0,0,0,0,0,0,0,0,0,0,0,0,1;0,0,0,0,0,0,1,0,0,1,0,0,1,0,0,0
16,317,4,1,2,0,0,0,0,1,0,0,0,0,0,1,0,1,0,1,1;0,0,0,0,1,1,0,0,0,0,0,0,0,0,0,0
16,318,4,1,2,1,0,0,0,0,0,0,0,1,0,0,0,0,0,0,0;0,0,0,0,0,1,0,0,1,1,0,0,0,1,0,1
16,319,5,1,2,1,0,0,0,0,0,0,0,0,0,0,0,0,0,0,1,0,0,0,0,0,0,0,0,0;0,0,0,0,0,0,0,0,0,0,1,0,0,1,0,0,1,0,0,0,0,0,0,0,1
16,320,5,1,2,0,0,0,0,0,0,1,0,0,0,0,0,0,1,0,0,0,0,0,0,0,0,0,0,1;1,0,0,0,0,0,0,0,0,0,1,0,0,1,0,0,0,0,0,0,0,0,0,0,1
16,321,4,1,2,0,0,0,0,0,0,0,0,0,0,1,0,1,0,0,1;1,0,0,0,0,0,0,0,0,0,0,0,0,1,0,1
16,322,4,1,2,0,0,0,0,0,0,1,0,0,0,1,0,0,0,0,1;0,0,1,0,0,1,0,0,0,0,1,0,0,0,1,0
16,323,4,1,2,0,0,0,0,0,1,0,0,0,0,0,0,0,0,0,1;0,0,1,0,0,1,0,0,1,0,0,0,0,0,0,0
16,324,5,1,2,0,0,0,0,0,0,0,0,0,0,0,0,0,0,0,0,0,0,0,0,0,1,0,0,0;0,0,0,1,0,0,0,0,0,0,1,1,0,1,0,1,0,0,1,0,0,0,0,0,0
16,325,5,1,2,0,1,1,0,1,0,0,1,1,0,0,1,1,0,0,1,0,1,0,1,0,0,0,0,0
16,-325,5,1,2,0,0,0,0,0,0,0,1,0,0,1,0,0,0,0,0,0,0,1,1,0,0,0,1,0
16,326,5,1,2,0,0,0,0,0,1,0,0,0,1,1,0,1,0,0,0,1,0,0,0,0,1,0,0,1
16,327,4,1,2,0,0,0,0,0,0,0,0,0,0,0,0,0,0,0,1;0,0,0,0,0,0,1,0,0,1,1,0,1,0,0,0
16,328,4,1,2,1,0,0,0,0,1,1,0,0,1,1,0,0,0,0,1;0,0,0,1,0,0,0,0,0,1,1,0,1,0,0,1
16,329,5,1,2,1,1,0,0,0,0,0,0,0,0,1,0,1,0,0,0,1,0,1,0,1,0,1,0,0;0,0,0,0,0,0,0,0,0,0,0,1,0,1,0,0,0,0,0,0,0,0,0,1,0
16,330,4,1,2,0,0,0,0,0,0,1,0,1,0,0,1,1,0,1,0;0,0,0,0,0,0,1,0,1,0,1,0,1,0,1,0
16,331,5,1,2,0,1,0,1,0,1,1,1,1,1,0,1,1,1,0,0,0,0,0,1,1,1,1,1,0
16,-331,6,1,2,0,0,0,1,0,0,0,0,0,1,0,0,0,0,1,1,0,0,0,1,1,0,0,0,0,0,0,0,0,0,0,0,0,0,1,0
16,332,4,1,2,0,1,0,0,0,0,0,0,0,0,0,0,0,0,1,1;1,0,1,0,0,1,0,0,0,0,1,0,0,0,0,1
16,333,5,1,2,0,0,0,0,0,0,0,0,0,0,1,1,0,0,0,0,1,0,0,0,0,0,0,0,0;0,0,0,0,0,0,0,0,0,0,0,0,0,0,0,0,0,0,0,0,0,1,0,0,0;0,1,0,0,0,0,0,0,0,0,0,0,0,1,0,0,0,0,0,0,0,0,0,0,0
16,334,5,1,2,0,0,0,0,0,0,0,0,0,0,1,0,0,1,0,1,0,0,0,0,0,0,0,0,0;0,0,0,0,0,1,0,0,0,0,0,1,0,1,0,1,0,0,0,0,0,0,0,0,0;0,0,0,0,0,0,0,0,0,0,0,0,0,0,0,0,0,0,0,0,1,0,0,0,0
16,-334,5,1,2,0,0,0,0,0,0,0,0,0,0,1,1,0,0,0,0,1,0,0,0,0,0,0,0,0;0,0,0,0,0,0,0,0,0,0,0,0,0,0,0,0,0,0,0,0,0,1,0,0,0;0,1,0,0,0,0,0,0,0,0,0,1,0,1,0,0,1,0,0,0,0,0,0,0,0
16,335,4,1,2,0,0,1,1,0,0,1,0,0,0,0,0,0,0,0,0;0,0,1,1,0,1,0,0,0,0,0,0,0,0,0,1
16,336,4,1,2,0,0,0,0,1,1,1,1,1,0,1,0,0,0,0,0;0,0,0,0,1,1,1,1,1,0,1,0,1,0,0,0
16,337,5,1,2,0,0,0,0,0,0,0,0,0,0,1,0,0,1,0,1,0,0,0,0,0,0,0,0,0;0,0,0,0,0,1,0,0,0,0,0,1,0,0,0,1,0,0,0,0,0,0,0,0,0;0,0,0,0,0,0,0,0,0,0,0,0,0,0,0,0,0,0,0,0,1,0,0,0,0
16,338,5,1,2,0,0,0,0,0,0,0,0,0,0,0,1,0,0,0,1,0,0,0,0,0,0,0,0,0;0,0,0,0,0,1,0,0,0,0,0,0,0,1,0,0,0,0,0,0,0,0,0,0,1
16,339,5,1,2,0,0,0,0,0,1,0,0,0,0,0,1,0,0,0,1,0,0,0,0,0,0,0,0,1;0,0,0,0,0,0,0,0,0,0,0,1,0,1,0,1,0,0,0,0,0,0,0,0,0
16,340,5,1,2,1,0,0,0,0,0,0,0,0,0,0,0,0,0,0,1,0,0,0,1,0,0,0,0,1;1,0,0,0,0,0,0,0,0,0,1,0,0,0,0,0,1,0,1,0,0,1,0,0,1
16,-341,4,1,2,0,0,0,0,0,0,0,0,0,0,0,1,0,0,1,0;0,0,0,0,0,1,0,0,1,0,0,0,1,0,0,0
16,341,4,1,2,0,0,0,0,0,1,0,0,0,1,0,0,0,0,1,1;0,0,0,0,0,1,0,0,1,0,1,0,0,0,0,1
16,342,5,1,2,0,0,0,0,0,1,0,0,0,0,0,1,0,0,0,1,0,0,0,0,0,0,0,0,1;0,0,0,0,0,0,0,0,0,0,1,0,0,1,0,1,0,0,0,0,0,0,0,0,0
16,-343,4,1,2,0,0,0,0,1,0,1,0,0,0,0,0,0,0,0,0;1,0,1,0,1,0,1,0,1,0,1,0,1,0,1,0;0,0,0,0,0,0,0,0,0,0,0,0,1,1,0,0
16,343,4,1,2,0,0,1,0,0,0,0,0,0,0,0,0,0,0,0,0;0,1,1,1,0,0,0,0,0,1,0,0,0,0,0,0;0,0,0,0,0,0,0,0,0,1,0,0,0,0,0,0
16,344,4,1,2,0,0,0,0,0,0,0,0,0,0,0,1,0,0,0,0;0,0,0,0,0,1,0,0,0,0,0,0,1,0,0,0
16,345,5,1,2,0,0,0,0,0,0,0,0,0,0,0,0,0,0,0,0,0,0,0,0,0,1,0,0,0;0,1,0,0,0,0,0,0,0,0,1,0,0,1,0,1,0,0,0,0,0,0,0,0,0
16,346,5,1,2,0,1,0,0,0,0,0,0,0,0,1,0,0,1,1,1,0,0,0,0,0,1,0,0,1
16,347,4,1,2,0,0,0,0,0,0,0,0,0,1,0,0,0,1,0,1;0,0,1,0,0,1,0,0,0,0,1,0,0,0,0,1
16,348,5,1,2,0,1,0,0,0,0,0,0,0,0,1,1,1,1,0,0,0,0,1,0,0,0,1,0,1
16,-348,5,1,2,1,0,1,0,0,1,0,1,0,0,1,1,0,1,0,1,1,0,0,1,0,0,0,1,0
16,349,4,1,2,0,0,0,0,0,0,0,0,0,0,0,0,0,1,0,0;0,0,0,0,0,0,0,0,0,0,0,0,0,1,0,1;0,0,0,0,0,0,0,0,0,1,0,0,1,0,0,0
16,350,4,1,2,0,0,0,0,0,0,0,0,0,0,0,0,0,1,0,0;0,0,0,0,0,0,0,0,0,0,0,0,0,1,0,1;0,0,0,0,0,0,0,0,0,0,1,0,1,0,0,0
16,351,4,1,2,0,0,0,0,0,0,0,0,0,0,1,0,0,0,0,0;0,0,0,0,0,0,1,0,0,0,0,0,0,0,0,0;0,0,1,0,0,0,0,0,0,0,0,0,0,0,0,1
16,352,4,1,2,0,0,0,0,0,0,1,0,1,0,0,1,1,0,1,0;0,0,0,0,0,0,1,0,1,0,1,0,1,0,0,1
16,-353,4,1,2,1,1,0,1,1,1,0,1,1,1,0,0,0,0,0,0;0,0,0,1,0,0,0,1,0,0,0,0,0,0,0,1;0,0,0,1,0,0,0,1,0,0,0,1,0,0,0,0
16,353,4,1,2,0,1,0,0,0,0,1,0,0,0,1,0,0,0,0,1;0,0,1,0,0,0,0,0,0,0,0,0,0,0,0,0;0,1,1,1,0,0,0,0,0,0,0,0,0,0,0,0
16,354,4,1,2,0,0,0,0,0,0,0,0,0,0,1,0,1,0,0,0;0,0,0,0,0,0,0,0,0,0,1,0,1,1,1,0
16,355,4,1,2,0,0,0,0,0,0,0,0,0,0,0,0,0,0,0,1;0,0,0,0,0,0,1,1,1,0,0,0,0,0,0,0
16,356,4,1,2,0,0,0,0,0,0,1,1,0,1,1,0,0,1,1,0;0,0,0,0,0,0,1,1,1,1,0,1,0,1,1,0
16,-357,4,1,2,0,0,0,0,0,0,0,0,1,0,0,0,0,0,0,0;0,1,0,1,1,1,0,1,0,0,0,0,1,1,0,1
16,357,4,1,2,0,0,0,0,0,0,0,0,1,0,0,0,0,0,1,0;0,0,0,0,0,0,1,0,0,0,0,0,0,0,0,0
16,358,4,1,2,0,0,0,0,0,1,0,0,0,0,0,0,0,1,1,1;0,0,0,0,0,1,0,0,0,1,0,0,1,0,1,1
16,359,4,1,2,0,0,0,0,0,1,0,0,0,0,1,1,1,0,0,1;0,0,0,0,0,1,0,0,0,1,1,0,1,0,0,1
16,360,4,1,2,0,0,0,0,0,0,0,1,0,1,0,0,0,0,0,0;0,0,0,0,1,1,0,0,0,0,1,0,0,0,0,1
16,361,5,1,2,0,0,0,0,0,0,0,0,0,0,1,0,0,0,1,0,0,0,0,1,0,0,0,0,0;0,0,0,0,1,0,0,0,0,0,1,0,0,1,0,0,1,0,0,0,0,0,0,0,0
16,-362,2,4,5,0,1,1,1;1,0,0,1
16,362,6,1,2,0,0,0,0,0,0,0,0,0,0,0,0,1,0,0,0,0,0,0,0,1,0,0,0,1,1,1,0,0,0,1,1,1,0,0,0;0,0,0,0,0,0,1,0,0,0,0,0,1,0,0,0,0,0,0,1,1,0,0,0,0,1,0,0,0,0,0,1,0,0,0,0
16,363,4,1,2,0,0,0,0,0,0,0,0,0,0,0,0,0,1,0,0;0,0,0,0,1,0,0,0,0,1,0,0,0,0,1,0
16,364,4,1,2,0,0,0,0,1,0,0,0,1,1,0,1,1,0,0,0;0,1,0,1,0,0,1,0,0,1,1,0,1,1,1,1
16,365,4,1,2,1,0,0,0,0,0,0,0,0,0,0,0,0,1,0,1;0,0,0,0,0,1,0,0,1,1,0,0,0,0,0,0
16,366,4,1,2,1,0,0,0,1,1,1,0,0,0,1,0,0,0,1,1;1,0,1,0,1,1,1,1,0,0,1,0,0,0,1,1
16,367,5,1,2,0,1,0,0,0,0,0,0,0,0,1,0,0,1,1,1,0,0,0,0,0,1,0,1,0
16,368,3,1,2,0,0,0,0,1,0,0,0,1;0,1,0,0,0,0,1,0,0
16,369,3,1,2,0,0,1,0,1,0,0,1,0;0,1,0,0,0,1,0,1,0
16,370,3,1,2,0,0,0,1,1,0,1,0,1;1,1,0,1,0,1,1,0,1
16,371,3,1,2,0,0,0,0,0,1,0,1,0;1,1,1,0,0,0,0,0,0
16,372,3,1,2,1,1,0,0,1,1,0,0,0;1,1,1,0,0,0,0,0,0
16,373,3,1,2,0,0,0,0,0,0,0,1,0;0,0,1,0,0,0,1,0,0
16,374,3,1,2,0,0,0,0,0,0,0,1,0;0,0,1,0,1,0,1,0,0
16,375,3,1,2,0,0,0,0,0,0,0,1,0;0,0,0,1,0,0,0,0,1
16,376,3,1,2,0,0,0,0,0,0,0,0,1;0,0,0,0,0,1,1,0,0
16,377,4,1,2,0,0,1,0,1,0,0,0,0,0,0,0,0,0,0,0;1,0,0,0,0,1,0,0,0,0,1,0,0,0,1,1
16,378,3,1,2,0,0,0,0,0,0,0,1,0;0,1,0,1,1,0,0,0,0
16,379,5,1,2,0,0,0,0,0,0,0,0,0,0,1,0,0,0,1,0,0,0,0,1,0,0,0,0,0;0,1,0,0,1,0,0,0,0,0,0,1,0,1,0,0,0,0,0,0,0,0,0,0,0
16,380,3,1,2,0,0,0,0,1,0,1,0,1;0,0,1,0,0,0,1,0,0
16,381,3,1,2,0,0,0,0,0,0,0,1,0;0,0,1,0,0,0,1,0,1
16,382,4,1,2,0,0,1,0,1,0,0,0,0,0,0,0,0,0,0,1;1,0,0,0,0,1,1,0,0,0,1,0,0,0,0,1
16,383,4,1,2,0,0,0,1,1,0,1,1,1,1,1,0,1,0,0,1
16,384,4,1,2,0,0,0,0,0,0,1,0,0,1,0,0,1,0,0,0;1,0,0,0,0,0,1,0,0,1,0,0,0,0,0,1
16,385,4,1,2,0,0,0,1,0,0,1,0,0,1,0,0,1,0,1,0
16,386,4,1,2,0,0,0,0,0,0,1,0,0,0,1,0,0,0,1,0;1,0,0,0,0,1,1,0,0,0,0,0,0,0,0,0;1,1,1,0,0,0,0,0,0,0,0,0,0,0,1,1
16,387,4,1,2,0,0,0,0,0,0,0,0,0,0,1,0,0,0,0,1;0,1,0,0,1,1,0,0,0,0,1,1,0,0,0,0
16,388,4,1,2,0,1,0,0,0,1,0,1,0,0,1,0,1,0,0,0
16,389,4,1,2,0,0,0,0,0,0,0,0,0,0,1,0,0,0,0,1;0,1,0,0,1,1,0,0,0,0,1,1,0,0,1,0
16,390,4,1,2,0,0,0,1,0,0,1,0,0,1,0,1,1,1,0,0